"Index";"Var";"TubNo";"Time";"Mean";"SD"
"BI";"A104";1;0;39,8152781177819;23,9331870671822
"BI";"A104";1;60;47,3525933693152;25,7542387324401
"BI";"A104";1;120;51,0478992522123;26,7261807812321
"BI";"A104";1;180;57,0791854635579;27,4339567687087
"BI";"A104";1;240;57,3561111085857;27,5407376220056
"BI";"A104";1;300;61,8003801946341;28,1874138361059
"BI";"A104";1;360;63,8439943746476;28,3899038354178
"BI";"A104";1;420;66,6631211952343;28,6523308528928
"BI";"A104";1;480;67,3235960782219;28,7816229061375
"BI";"A104";1;540;68,4706011031068;29,1189315798081
"BI";"A104";1;600;72,5123894729824;29,2407141790117
"BI";"A104";1;660;70,0629421534413;28,8975970964586
"BI";"A104";1;720;72,5192956648988;29,123934862487
"BI";"A104";1;780;72,1664704127978;29,4404323849978
"BI";"A104";1;840;70,1031329732165;29,1423905272731
"BI";"A104";1;870;72,9582279589991;29,2608181165726
"BI";"A104";2;0;36,0276068429566;15,3461491914503
"BI";"A104";2;60;37,2586804594679;15,8647533512569
"BI";"A104";2;120;37,3101713396323;16,3381087730148
"BI";"A104";2;180;40,9649214915659;16,628797787347
"BI";"A104";2;240;39,3715343702375;16,7089097783515
"BI";"A104";2;300;41,5345656765193;16,7101227604873
"BI";"A104";2;360;42,2075593076168;17,1424402413801
"BI";"A104";2;420;43,6226873340275;17,1564736685045
"BI";"A104";2;480;43,4420989194334;17,1420085768992
"BI";"A104";2;540;43,7146213595272;17,4293564432651
"BI";"A104";2;600;46,9613437105189;17,7983422748185
"BI";"A104";2;660;44,3107800171845;17,5263878842955
"BI";"A104";2;720;46,1788987499861;17,8586289638913
"BI";"A104";2;780;45,0708982775859;17,7258457040466
"BI";"A104";2;840;42,4842537052105;17,6003918055021
"BI";"A104";2;870;44,9347819546872;17,9914913188131
"BI";"A104";3;0;36,2921950314891;17,7548317152094
"BI";"A104";3;60;38,9828403044328;18,0907534801063
"BI";"A104";3;120;39,5579037318729;18,2868242847349
"BI";"A104";3;180;44,2636926191879;18,7422762561141
"BI";"A104";3;240;42,9478187357475;18,3002927208047
"BI";"A104";3;300;45,5379666524238;18,6932941887707
"BI";"A104";3;360;46,8228019270576;18,7518923696777
"BI";"A104";3;420;48,7543106778957;18,953173372029
"BI";"A104";3;480;48,6495024041935;19,192145766537
"BI";"A104";3;540;49,2614280464863;19,0395712914588
"BI";"A104";3;600;52,6154256819796;19,6586843541954
"BI";"A104";3;660;50,4010247325596;19,7057753026677
"BI";"A104";3;720;52,5020305521538;19,7728660284484
"BI";"A104";3;780;50,8226761199008;19,0239705371146
"BI";"A104";3;840;48,8323681305844;19,3625361569115
"BI";"A104";3;870;51,2447775368809;19,750421680774
"BI";"A117";1;0;29,0882896154274;25,967895136761
"BI";"A117";1;60;27,8257858167294;25,7863520335153
"BI";"A117";1;120;27,3829816481319;25,6390499295724
"BI";"A117";1;180;29,5514217383009;25,9232077488195
"BI";"A117";1;240;30,0441383027803;25,8720739311291
"BI";"A117";1;300;30,2754517259056;25,8759403010392
"BI";"A117";1;360;28,3506184521383;25,5980640222827
"BI";"A117";1;420;30,6643122885683;25,6812855396925
"BI";"A117";1;480;30,2049389431378;25,6272882209133
"BI";"A117";1;540;28,6707039104499;25,2014677061023
"BI";"A117";1;600;29,4020102117342;25,3148145768608
"BI";"A117";1;660;27,7492882812027;24,9965392372792
"BI";"A117";1;720;26,7303109701239;24,7870795726543
"BI";"A117";1;780;30,6817113537835;25,2074304923449
"BI";"A117";1;840;29,5017915485582;24,9535015554127
"BI";"A117";1;870;25,3160149090496;24,4109851233271
"BI";"A117";2;0;26,750382469495;19,5325187938242
"BI";"A117";2;60;24,6686071019384;19,220799608065
"BI";"A117";2;120;24,4975148195519;19,4337276753237
"BI";"A117";2;180;26,4626538993913;19,5107990734208
"BI";"A117";2;240;26,8397052059064;19,531025631646
"BI";"A117";2;300;27,0038523126644;19,6935298329558
"BI";"A117";2;360;25,3240635206753;19,5126407384146
"BI";"A117";2;420;27,4833109997246;19,6024681084367
"BI";"A117";2;480;27,0505097634201;19,6109871100328
"BI";"A117";2;540;25,5047636465663;19,3675886672417
"BI";"A117";2;600;26,3700476862239;19,4240980511808
"BI";"A117";2;660;24,6147220674738;19,2552076325222
"BI";"A117";2;720;23,622289000978;19,1919615742595
"BI";"A117";2;780;27,4695523861999;19,6916497661261
"BI";"A117";2;840;26,3064870286905;19,469116537024
"BI";"A117";2;870;22,329123459952;19,1691530648341
"BI";"A117";3;0;21,5714189601964;15,0612135410296
"BI";"A117";3;60;19,2500375115749;15,2556871480409
"BI";"A117";3;120;19,1336649007525;15,3576143802327
"BI";"A117";3;180;20,8218662634107;15,3546717805942
"BI";"A117";3;240;20,9800707569778;15,381808581071
"BI";"A117";3;300;21,2343176918349;15,290563944505
"BI";"A117";3;360;19,6709298801416;15,1624962949179
"BI";"A117";3;420;21,6936293705495;15,1886248085739
"BI";"A117";3;480;21,1632516318648;15,2063717760213
"BI";"A117";3;540;19,6910899803189;14,9204059767221
"BI";"A117";3;600;20,4609550715325;15,101392455789
"BI";"A117";3;660;18,5238445393556;14,7346338083503
"BI";"A117";3;720;17,6547402368251;14,6133097597642
"BI";"A117";3;780;21,3316625408203;14,8465608294627
"BI";"A117";3;840;20,0405789664288;14,6787139020359
"BI";"A117";3;870;16,2677949209492;14,3408299890837
"BI";"A14";1;0;29,5806096536993;10,067009830175
"BI";"A14";1;60;29,6982910138823;11,2730998816662
"BI";"A14";1;120;30,0926269712945;11,908288930196
"BI";"A14";1;180;30,5588424867241;12,6543544273366
"BI";"A14";1;240;31,0559363068183;13,0557108872547
"BI";"A14";1;300;34,620031431218;13,5493240030756
"BI";"A14";1;360;31,8994607379493;13,5992380889365
"BI";"A14";1;420;31,8011215651393;13,9132433681709
"BI";"A14";1;480;28,491373793129;13,7395533244405
"BI";"A14";1;540;32,3542031920789;14,2710025299326
"BI";"A14";1;600;58,3887661775839;16,1516459860158
"BI";"A14";1;660;35,7659299265189;14,9899883493361
"BI";"A14";1;720;55,8099863603452;16,3319188157027
"BI";"A14";1;780;51,8580017453968;16,1304609228145
"BI";"A14";1;840;51,8523688791732;16,2255538094989
"BI";"A14";1;870;51,7808888702098;16,3192115105823
"BI";"A14";2;0;29,8667821406482;16,7054703109762
"BI";"A14";2;60;30,4012616982997;18,2468424845269
"BI";"A14";2;120;30,9882272175878;19,3536270737464
"BI";"A14";2;180;31,6459041164771;19,8011269158998
"BI";"A14";2;240;32,0398144200105;20,5144089084352
"BI";"A14";2;300;35,9632997804286;21,1629815810037
"BI";"A14";2;360;33,377119741146;21,3641267976729
"BI";"A14";2;420;33,2732011004306;21,707251046127
"BI";"A14";2;480;30,4560754676648;21,5106893763596
"BI";"A14";2;540;33,8687296965416;22,3068081782068
"BI";"A14";2;600;59,9081752095201;24,7180248985379
"BI";"A14";2;660;37,3330877074143;22,9011652908651
"BI";"A14";2;720;57,2653411403177;24,9011518976275
"BI";"A14";2;780;53,3532639683422;24,7800586069148
"BI";"A14";2;840;53,3497927706201;24,7884787307004
"BI";"A14";2;870;53,5429834674416;24,7589066724168
"BI";"A14";3;0;34,9948900718951;17,4143886636433
"BI";"A14";3;60;35,5068310649574;18,3834697271598
"BI";"A14";3;120;36,5108645878329;18,4848224371182
"BI";"A14";3;180;37,2315812138016;18,9371921326951
"BI";"A14";3;240;38,166850492798;19,5459510711618
"BI";"A14";3;300;41,9449764419609;19,5996193288568
"BI";"A14";3;360;39,4721773909394;19,4808301911728
"BI";"A14";3;420;39,4679707031889;19,4621188278492
"BI";"A14";3;480;36,6199501182888;19,1836062397311
"BI";"A14";3;540;40,5196212475478;19,7743189406467
"BI";"A14";3;600;67,5026402304352;21,7941795461001
"BI";"A14";3;660;44,2134982493094;20,0367360868568
"BI";"A14";3;720;64,7893969878369;21,6225585577173
"BI";"A14";3;780;60,5850549114077;21,0819556086063
"BI";"A14";3;840;60,7376595517803;21,0807028937542
"BI";"A14";3;870;61,2131505534691;21,3370609497385
"BI";"A24";1;0;32,0878560645579;12,6080048706011
"BI";"A24";1;60;35,8236795768586;15,1631829080426
"BI";"A24";1;120;34,6730782902428;16,1998944892644
"BI";"A24";1;180;36,2601907287661;17,1779197332108
"BI";"A24";1;240;36,6444342304445;17,8775541365679
"BI";"A24";1;300;38,4232729990037;18,2423486367434
"BI";"A24";1;360;38,7113598291968;18,5416052661355
"BI";"A24";1;420;37,5643289320192;18,5282854891184
"BI";"A24";1;480;36,4398244567358;18,7626569078207
"BI";"A24";1;540;39,6744926131184;19,4086284086432
"BI";"A24";1;600;39,9040815505779;19,6808599613325
"BI";"A24";1;660;41,6342071129708;20,056737575986
"BI";"A24";1;720;39,9710339532424;20,1190074153713
"BI";"A24";1;780;43,4426975798739;20,5238690330984
"BI";"A24";1;840;42,174467656965;20,5331039013514
"BI";"A24";1;870;40,0787654967753;20,2722515378523
"BI";"A24";2;0;24,580708582032;10,1546085508426
"BI";"A24";2;60;26,9198344633389;11,3127006287754
"BI";"A24";2;120;25,399483736531;11,4388809380342
"BI";"A24";2;180;26,8355287914518;11,6705038944285
"BI";"A24";2;240;27,0917897800618;11,9423134282072
"BI";"A24";2;300;28,2155670751805;12,1248615624843
"BI";"A24";2;360;28,495803002836;12,2764615414573
"BI";"A24";2;420;27,3106803953075;12,1074536210992
"BI";"A24";2;480;26,0228278451614;12,0805976698221
"BI";"A24";2;540;28,7538306867302;12,6654767411819
"BI";"A24";2;600;29,0347738832496;12,658598460578
"BI";"A24";2;660;30,3236025408903;12,8649553295751
"BI";"A24";2;720;28,9113572871003;12,6974981327624
"BI";"A24";2;780;31,9259003993613;13,1312411962879
"BI";"A24";2;840;30,6921885422677;13,2800269448075
"BI";"A24";2;870;29,250903862585;12,8660519323453
"BI";"A24";3;0;57,2277715527138;30,0751008155748
"BI";"A24";3;60;59,8689822753759;30,6383093841073
"BI";"A24";3;120;58,2985300684316;30,4316691675911
"BI";"A24";3;180;60,48355270866;31,0215368447049
"BI";"A24";3;240;61,0123777008024;30,7735950410638
"BI";"A24";3;300;62,7119163730179;30,8081747903135
"BI";"A24";3;360;62,9580752202978;30,8227241471639
"BI";"A24";3;420;61,4386901852723;31,1040252877904
"BI";"A24";3;480;59,762051000927;30,5048615864153
"BI";"A24";3;540;63,6821818386506;31,155232753914
"BI";"A24";3;600;64,3651710359333;31,3165409737951
"BI";"A24";3;660;66,269700882377;31,5119447561745
"BI";"A24";3;720;64,0152615612442;30,8456423218106
"BI";"A24";3;780;67,7246539495707;31,4698204019481
"BI";"A24";3;840;65,8111691981949;30,8953445443908
"BI";"A24";3;870;64,4946287459745;30,8029626424911
"Hue";"A104";1;0;31,5951023210053;24,3942229209368
"Hue";"A104";1;60;38,1623970124181;19,3586758899896
"Hue";"A104";1;120;41,0930779590869;17,1794215539241
"Hue";"A104";1;180;47,4567889957654;13,4930853799037
"Hue";"A104";1;240;46,3878291413682;13,0970039054767
"Hue";"A104";1;300;50,3264631083565;11,1514786282967
"Hue";"A104";1;360;50,646585289214;10,4178899946561
"Hue";"A104";1;420;52,2934260925283;9,37294326676009
"Hue";"A104";1;480;52,4035496415574;9,0584908214789
"Hue";"A104";1;540;52,8874307265622;8,94304055863524
"Hue";"A104";1;600;55,7524749454678;7,61460076846191
"Hue";"A104";1;660;53,5063122830126;8,32220850883133
"Hue";"A104";1;720;55,9632312729818;7,40242265792919
"Hue";"A104";1;780;58,5618418133138;6,95659234902298
"Hue";"A104";1;840;56,3717044439443;7,86112223275971
"Hue";"A104";1;870;58,9170818060499;7,05640145321196
"Hue";"A104";2;0;41,9386560769739;21,0930670957039
"Hue";"A104";2;60;42,9163901902138;20,7127478864533
"Hue";"A104";2;120;43,0959286393604;20,6934325058203
"Hue";"A104";2;180;49,4276055331484;20,1924526677921
"Hue";"A104";2;240;46,7451103254429;20,3710371739348
"Hue";"A104";2;300;50,6821074054978;20,2882996128822
"Hue";"A104";2;360;49,8188207359361;19,79822460293
"Hue";"A104";2;420;51,50683618668;19,5514902019372
"Hue";"A104";2;480;51,2806639129482;19,3782219599108
"Hue";"A104";2;540;51,7683254321448;19,4632644135622
"Hue";"A104";2;600;55,4794104194104;18,6088564131563
"Hue";"A104";2;660;52,4712949261193;19,0639476442556
"Hue";"A104";2;720;55,4347291618398;18,9088449675466
"Hue";"A104";2;780;58,8538724933263;20,1332599394583
"Hue";"A104";2;840;55,8419827328911;20,5690602662819
"Hue";"A104";2;870;59,3868734165372;20,0223714133017
"Hue";"A104";3;0;31,3954048382033;18,0777139364156
"Hue";"A104";3;60;34,4223309735624;16,8951183518515
"Hue";"A104";3;120;35,2347483435496;16,7355492800164
"Hue";"A104";3;180;42,2501814834369;14,5894201112352
"Hue";"A104";3;240;39,6793341021422;15,1396389379247
"Hue";"A104";3;300;44,046618528751;14,7947624309235
"Hue";"A104";3;360;44,3254489812691;13,8865596177877
"Hue";"A104";3;420;46,4922828425862;13,4524550656966
"Hue";"A104";3;480;45,7946952190819;13,5497670217981
"Hue";"A104";3;540;46,4749638694108;13,3652464210927
"Hue";"A104";3;600;49,8973481288609;12,3274754831005
"Hue";"A104";3;660;47,0143655098768;13,0229837876939
"Hue";"A104";3;720;50,2904759268849;12,4581054546796
"Hue";"A104";3;780;52,9907947099585;12,8242677997977
"Hue";"A104";3;840;50,155679888049;13,6249520925074
"Hue";"A104";3;870;53,5977493937573;12,9145227433457
"Hue";"A117";1;0;12,6688576487409;27,4327970598982
"Hue";"A117";1;60;8,23127766118341;28,2136520837767
"Hue";"A117";1;120;7,88346153400544;28,6423110969237
"Hue";"A117";1;180;13,4687654643648;27,5754374974565
"Hue";"A117";1;240;14,2910423103806;27,1543554198759
"Hue";"A117";1;300;14,1733305397258;26,953341866273
"Hue";"A117";1;360;8,9647832680604;27,9458096122369
"Hue";"A117";1;420;14,8094140615925;26,5798727605974
"Hue";"A117";1;480;14,1566890983036;27,0732983155401
"Hue";"A117";1;540;10,8887710788859;27,6121987084355
"Hue";"A117";1;600;14,4788240737015;27,6280388365566
"Hue";"A117";1;660;10,4815465462483;28,5931539476455
"Hue";"A117";1;720;8,00711095110341;29,0765842874968
"Hue";"A117";1;780;16,2477914455507;26,6067279136893
"Hue";"A117";1;840;14,3774611381957;27,2333356659197
"Hue";"A117";1;870;7,9284053160295;30,4984840338037
"Hue";"A117";2;0;13,8708190409492;24,1567703644594
"Hue";"A117";2;60;8,15418992206289;25,1460959997544
"Hue";"A117";2;120;8,09585220470792;25,6263079008646
"Hue";"A117";2;180;13,9269696819385;24,5563719446831
"Hue";"A117";2;240;14,7175239076452;24,2748998255408
"Hue";"A117";2;300;14,1159673215381;24,210962924039
"Hue";"A117";2;360;8,83531977554479;24,8110140381684
"Hue";"A117";2;420;14,9440762145397;23,5660580797013
"Hue";"A117";2;480;14,1926440416556;23,9190088917003
"Hue";"A117";2;540;10,6446589458629;24,8458609666192
"Hue";"A117";2;600;14,5975994487496;24,4428310278784
"Hue";"A117";2;660;10,1859592976351;25,4871930976547
"Hue";"A117";2;720;7,38007859040676;25,9166162191976
"Hue";"A117";2;780;16,1683066251061;23,7449252507368
"Hue";"A117";2;840;14,0678211985816;24,517667122048
"Hue";"A117";2;870;7,19484997299831;27,4658574697752
"Hue";"A117";3;0;7,96878554870964;20,5757995388247
"Hue";"A117";3;60;1,06040162267089;21,1728892465327
"Hue";"A117";3;120;1,12536327167484;21,3235833681117
"Hue";"A117";3;180;6,9101257745538;20,8946886640052
"Hue";"A117";3;240;7,39728607095449;20,9178567350545
"Hue";"A117";3;300;7,19979517125025;20,4778632562961
"Hue";"A117";3;360;1,62453140536956;20,6301599916455
"Hue";"A117";3;420;8,09466536627629;20,0878128482752
"Hue";"A117";3;480;6,97752916815173;20,716943791714
"Hue";"A117";3;540;3,06181091920506;20,707147749801
"Hue";"A117";3;600;7,24015331254631;20,9777094213397
"Hue";"A117";3;660;1,9978112501589;21,4528187206865
"Hue";"A117";3;720;-0,646048356952365;21,5031979996675
"Hue";"A117";3;780;8,62755220209339;20,2142656788837
"Hue";"A117";3;840;6,11195772885426;20,8169185987195
"Hue";"A117";3;870;-1,38912188581515;22,9001711429952
"Hue";"A14";1;0;31,3120430468676;7,56331284289903
"Hue";"A14";1;60;32,7426243142385;7,80411565186318
"Hue";"A14";1;120;33,1712527027688;7,90581202370859
"Hue";"A14";1;180;32,9071235361107;7,98334667765059
"Hue";"A14";1;240;33,3380383791693;7,95337042847618
"Hue";"A14";1;300;31,5689816291383;7,49987283021321
"Hue";"A14";1;360;33,2211943314836;7,84046254129626
"Hue";"A14";1;420;32,719391871726;8,26731392562707
"Hue";"A14";1;480;23,9545660252561;10,0861197755542
"Hue";"A14";1;540;33,0972634821471;8,63252550204814
"Hue";"A14";1;600;28,2380951152165;4,93815435004274
"Hue";"A14";1;660;31,7741686765625;8,075386038457
"Hue";"A14";1;720;29,3042526631889;5,19244505952582
"Hue";"A14";1;780;24,8620370515979;6,1688623864808
"Hue";"A14";1;840;24,8804302213162;6,17544750095244
"Hue";"A14";1;870;24,8274094605986;6,27957777692662
"Hue";"A14";2;0;27,6858095443004;7,80442237759256
"Hue";"A14";2;60;29,1275368049137;8,56125561826391
"Hue";"A14";2;120;29,3771939602549;8,82638013655575
"Hue";"A14";2;180;29,726635676119;8,86172029731714
"Hue";"A14";2;240;29,6586831153884;9,08162590641826
"Hue";"A14";2;300;28,7891458253076;8,49398033490383
"Hue";"A14";2;360;30,5972010108374;9,20507410771746
"Hue";"A14";2;420;29,5103175361543;9,68063806213452
"Hue";"A14";2;480;20,8724496755888;12,5184267370169
"Hue";"A14";2;540;29,7618097611592;9,9903663412293
"Hue";"A14";2;600;27,0037774388969;6,32102009066458
"Hue";"A14";2;660;28,858462554539;9,48654579836312
"Hue";"A14";2;720;27,9491275923689;6,63225237205338
"Hue";"A14";2;780;23,2604465242577;8,05093115595596
"Hue";"A14";2;840;23,3352441321433;8,02179557331923
"Hue";"A14";2;870;23,4232752326086;7,99222918269498
"Hue";"A14";3;0;31,2536962867137;9,76145151749079
"Hue";"A14";3;60;32,6068182347234;10,2456534759033
"Hue";"A14";3;120;33,5890294928687;10,1475811030933
"Hue";"A14";3;180;33,8236710395791;10,1979459469324
"Hue";"A14";3;240;34,5037485644867;10,3229609366284
"Hue";"A14";3;300;32,8327622259884;9,50895890245923
"Hue";"A14";3;360;34,9190701423341;9,97703028207386
"Hue";"A14";3;420;34,5400326252941;10,2510468017955
"Hue";"A14";3;480;27,9882020154678;12,164577065837
"Hue";"A14";3;540;35,5895279462557;10,1120864983438
"Hue";"A14";3;600;30,3666101791679;6,43511458351733
"Hue";"A14";3;660;34,4378797563236;9,49789285478897
"Hue";"A14";3;720;31,3611673240764;6,6398955501783
"Hue";"A14";3;780;27,4569793420173;7,58830645386718
"Hue";"A14";3;840;27,5346862617019;7,58640731367051
"Hue";"A14";3;870;27,7841554177844;7,60929202314775
"Hue";"A24";1;0;22,9046598506886;10,0057278937591
"Hue";"A24";1;60;27,9260442120535;9,35800104435118
"Hue";"A24";1;120;25,3958683386015;9,97883057294698
"Hue";"A24";1;180;28,1022880325026;9,49003173481326
"Hue";"A24";1;240;31,2612977945037;9,32424665107534
"Hue";"A24";1;300;31,2471764677942;8,93061804035988
"Hue";"A24";1;360;30,9822679235003;8,91957346123849
"Hue";"A24";1;420;28,9260440733891;9,4814381025794
"Hue";"A24";1;480;26,1846574855116;10,1681860176645
"Hue";"A24";1;540;31,3753373330384;8,91202650698171
"Hue";"A24";1;600;32,0522842529971;8,74395215008736
"Hue";"A24";1;660;34,1435676422579;8,25922298800728
"Hue";"A24";1;720;31,2641634041453;9,0242278776017
"Hue";"A24";1;780;34,0303095075038;7,90741915651454
"Hue";"A24";1;840;31,0982503276952;8,56824113345396
"Hue";"A24";1;870;26,9996256011988;9,3672395326501
"Hue";"A24";2;0;11,1721551962958;9,40618578006238
"Hue";"A24";2;60;15,7020928261765;8,91591159695317
"Hue";"A24";2;120;12,5801998736516;9,59970102908132
"Hue";"A24";2;180;15,6598565631804;9,17270514992023
"Hue";"A24";2;240;19,0825294084768;9,03317715233102
"Hue";"A24";2;300;18,850308668443;8,75108504721683
"Hue";"A24";2;360;18,7407413415538;8,8425282844216
"Hue";"A24";2;420;16,3099856174504;9,19879875950391
"Hue";"A24";2;480;13,0101206373843;9,87645459756625
"Hue";"A24";2;540;18,7234822558421;9,08059380914539
"Hue";"A24";2;600;19,6362358331943;9,09643764821478
"Hue";"A24";2;660;22,0432489921357;8,77459063132315
"Hue";"A24";2;720;19,0098133714638;9,18307901011118
"Hue";"A24";2;780;22,5666562863077;8,40044470365262
"Hue";"A24";2;840;19,157904311586;8,91084111855053
"Hue";"A24";2;870;15,3147980358312;9,21407157448948
"Hue";"A24";3;0;42,9172495483755;7,485798124926
"Hue";"A24";3;60;45,3404239759456;6,48957190063057
"Hue";"A24";3;120;43,6134571750207;7,07943470343468
"Hue";"A24";3;180;45,3241980290759;6,50487607933959
"Hue";"A24";3;240;47,8741441953435;6,07478637630691
"Hue";"A24";3;300;47,1669105556235;5,8376574809359
"Hue";"A24";3;360;46,8906327555491;6,05858240290756
"Hue";"A24";3;420;45,5562001623508;6,49783470803909
"Hue";"A24";3;480;43,7283711523895;6,91729927862159
"Hue";"A24";3;540;46,7701281198279;5,88765349509451
"Hue";"A24";3;600;47,3408005963375;5,82327198878957
"Hue";"A24";3;660;48,4133943938667;5,33120981442149
"Hue";"A24";3;720;46,92157401671;5,94029657629229
"Hue";"A24";3;780;47,6762014230785;5,4220489647446
"Hue";"A24";3;840;45,608886204521;5,85504556696422
"Hue";"A24";3;870;43,4324551997415;6,61269316266021
"WIcroes";"A104";1;0;37,4920898644375;15,6109779155358
"WIcroes";"A104";1;60;33,321450224283;15,3929222147916
"WIcroes";"A104";1;120;30,5186428011773;14,9071358147812
"WIcroes";"A104";1;180;28,5060062051731;14,7584042242757
"WIcroes";"A104";1;240;27,9086526847503;14,713526766804
"WIcroes";"A104";1;300;25,871927493625;14,2743662967398
"WIcroes";"A104";1;360;25,3332661343505;14,4656737172175
"WIcroes";"A104";1;420;24,2094546361673;14,3350785178808
"WIcroes";"A104";1;480;23,6807378640071;14,2687241857235
"WIcroes";"A104";1;540;23,0752235955449;14,227451272534
"WIcroes";"A104";1;600;22,1321013987355;14,1766455161696
"WIcroes";"A104";1;660;22,3544800816792;14,1024971862541
"WIcroes";"A104";1;720;22,4046514637914;14,3169044780406
"WIcroes";"A104";1;780;22,7422990141868;14,1281545781134
"WIcroes";"A104";1;840;22,8636699512982;14,1356163747232
"WIcroes";"A104";1;870;22,2082422949688;13,9721769786588
"WIcroes";"A104";2;0;38,9078778041791;17,5315242786951
"WIcroes";"A104";2;60;38,8140978772703;17,8834936620557
"WIcroes";"A104";2;120;38,2427292452321;17,7747801629356
"WIcroes";"A104";2;180;37,5556509171559;17,7195490587998
"WIcroes";"A104";2;240;38,1950077520406;17,9797431048224
"WIcroes";"A104";2;300;37,1992345473606;17,6897693992528
"WIcroes";"A104";2;360;37,5604838990872;17,9219369206361
"WIcroes";"A104";2;420;37,2278373424731;17,8135824111135
"WIcroes";"A104";2;480;37,09325677556;17,7668872546959
"WIcroes";"A104";2;540;36,8669623008208;17,8238464883497
"WIcroes";"A104";2;600;36,4153061723041;17,9056972922103
"WIcroes";"A104";2;660;36,7486406216346;17,837156398577
"WIcroes";"A104";2;720;37,3178141822018;18,2399555448629
"WIcroes";"A104";2;780;37,5554944646246;17,7031818109003
"WIcroes";"A104";2;840;38,1448218593556;17,9492059983054
"WIcroes";"A104";2;870;37,5693721293545;17,8238524333408
"WIcroes";"A104";3;0;36,417742526573;15,628407114114
"WIcroes";"A104";3;60;35,4555697427673;15,3730496470715
"WIcroes";"A104";3;120;34,540802542794;15,0739353217325
"WIcroes";"A104";3;180;33,1546378351241;14,8605977417468
"WIcroes";"A104";3;240;33,3935246545741;14,7629453457311
"WIcroes";"A104";3;300;32,41536144815;14,4734042661419
"WIcroes";"A104";3;360;32,4238388000394;14,5974646101189
"WIcroes";"A104";3;420;31,7709133937026;14,4786505177764
"WIcroes";"A104";3;480;31,6043428956241;14,5962710462519
"WIcroes";"A104";3;540;31,0753370352149;14,3944975307927
"WIcroes";"A104";3;600;30,4891481972382;14,2730576705403
"WIcroes";"A104";3;660;30,6108498977857;14,3291901212212
"WIcroes";"A104";3;720;30,9024426208873;14,5275520026278
"WIcroes";"A104";3;780;31,5683082604172;14,1268786403389
"WIcroes";"A104";3;840;31,7943343179433;14,4228647397439
"WIcroes";"A104";3;870;31,3171241822589;14,2695682393584
"WIcroes";"A117";1;0;52,4846736249436;20,1126596704825
"WIcroes";"A117";1;60;51,3638584027558;19,9841714064564
"WIcroes";"A117";1;120;51,6638495648332;20,1435987065947
"WIcroes";"A117";1;180;51,4528270808846;20,1742840741444
"WIcroes";"A117";1;240;52,0634739930273;20,5053978814092
"WIcroes";"A117";1;300;51,0081041986446;20,2033848969202
"WIcroes";"A117";1;360;50,8143644865918;20,0568749109583
"WIcroes";"A117";1;420;51,1405914237641;20,2713475240002
"WIcroes";"A117";1;480;51,1666927339621;20,2283904607382
"WIcroes";"A117";1;540;51,4666649426627;20,154591893863
"WIcroes";"A117";1;600;52,2058257381238;20,3146046216179
"WIcroes";"A117";1;660;51,9720877283233;20,115217050047
"WIcroes";"A117";1;720;52,4316553320411;20,1898628212282
"WIcroes";"A117";1;780;50,7013083798649;19,9786676336376
"WIcroes";"A117";1;840;51,7178494848087;20,1308923143021
"WIcroes";"A117";1;870;53,3982945089341;20,128261843209
"WIcroes";"A117";2;0;53,3150065106593;16,3586362825775
"WIcroes";"A117";2;60;53,1394355390217;16,2445112644782
"WIcroes";"A117";2;120;53,1107181669987;16,3334847626703
"WIcroes";"A117";2;180;53,1330369724928;16,3643865617206
"WIcroes";"A117";2;240;54,0234872271491;16,7156327898203
"WIcroes";"A117";2;300;53,0404431644215;16,5387031369545
"WIcroes";"A117";2;360;52,5029190186733;16,3900980708054
"WIcroes";"A117";2;420;53,0524662807781;16,5969807661756
"WIcroes";"A117";2;480;53,0787018795722;16,5878061039273
"WIcroes";"A117";2;540;53,4945923735114;16,5595770789716
"WIcroes";"A117";2;600;54,0092470264232;16,6367092614404
"WIcroes";"A117";2;660;54,0381991602806;16,5840420107889
"WIcroes";"A117";2;720;54,448738265641;16,6862754371756
"WIcroes";"A117";2;780;52,8207143595924;16,5204698177115
"WIcroes";"A117";2;840;53,9225580694677;16,702998211699
"WIcroes";"A117";2;870;55,3399497927575;16,7401757940167
"WIcroes";"A117";3;0;55,8578731896221;13,9117538189439
"WIcroes";"A117";3;60;56,1900687846487;14,1068578523498
"WIcroes";"A117";3;120;55,8889885752312;14,0563107765583
"WIcroes";"A117";3;180;56,2334425831123;14,0752525371604
"WIcroes";"A117";3;240;57,4599805097239;14,391460722129
"WIcroes";"A117";3;300;56,338984643822;14,1309254768579
"WIcroes";"A117";3;360;55,5025275712946;13,9241038129637
"WIcroes";"A117";3;420;56,3247897154554;14,1259681333998
"WIcroes";"A117";3;480;56,4331426063656;14,1123591136029
"WIcroes";"A117";3;540;56,734918848003;14,100701063896
"WIcroes";"A117";3;600;57,3706640363013;14,2581863804287
"WIcroes";"A117";3;660;57,4949770993898;14,1003363710606
"WIcroes";"A117";3;720;57,8614033191423;14,198179530377
"WIcroes";"A117";3;780;56,2989876747137;13,9702531834278
"WIcroes";"A117";3;840;57,6625812498026;14,182659035758
"WIcroes";"A117";3;870;58,7134425531111;14,1100694845037
"WIcroes";"A14";1;0;50,8298207640024;11,8933136962021
"WIcroes";"A14";1;60;50,9636279566573;12,4431496497483
"WIcroes";"A14";1;120;50,842488212747;12,7221293739199
"WIcroes";"A14";1;180;50,2432267589866;12,9295606966591
"WIcroes";"A14";1;240;49,9770890477711;13,1184914761773
"WIcroes";"A14";1;300;45,650403901311;12,5915740780901
"WIcroes";"A14";1;360;49,1184204461908;13,255046524765
"WIcroes";"A14";1;420;49,0461692637208;13,3322617061209
"WIcroes";"A14";1;480;50,6847745506171;13,6880777509853
"WIcroes";"A14";1;540;48,8698207804089;13,5750278934622
"WIcroes";"A14";1;600;22,3203145882087;9,57182419921015
"WIcroes";"A14";1;660;44,8253132090039;13,1608014390676
"WIcroes";"A14";1;720;24,986194614655;10,1016103524256
"WIcroes";"A14";1;780;26,7692728855369;10,4788590767159
"WIcroes";"A14";1;840;26,7964267347518;10,5084091804833
"WIcroes";"A14";1;870;26,8910658156984;10,6065563845712
"WIcroes";"A14";2;0;52,506008339194;16,8876711792686
"WIcroes";"A14";2;60;52,6411722336044;17,6757309300646
"WIcroes";"A14";2;120;52,4433925420362;18,2567149062648
"WIcroes";"A14";2;180;51,7196037066132;18,3409119740854
"WIcroes";"A14";2;240;51,642575871945;18,7327718336845
"WIcroes";"A14";2;300;47,0456754413274;18,1179163820199
"WIcroes";"A14";2;360;50,4488544926816;18,8997566143833
"WIcroes";"A14";2;420;50,5006935935021;19,0868058366755
"WIcroes";"A14";2;480;51,7047949583191;19,4148993762547
"WIcroes";"A14";2;540;50,2043233865046;19,3937219868301
"WIcroes";"A14";2;600;23,1018721258156;14,295259592758
"WIcroes";"A14";2;660;46,1030685684419;18,9134246012206
"WIcroes";"A14";2;720;25,9778160201953;15,0752459655174
"WIcroes";"A14";2;780;27,8170543423194;15,5764726585554
"WIcroes";"A14";2;840;27,8618504306352;15,6504328285595
"WIcroes";"A14";2;870;27,6789510571176;15,6086954648759
"WIcroes";"A14";3;0;45,8609085104607;13,7122674874678
"WIcroes";"A14";3;60;45,914761764375;14,3210135861353
"WIcroes";"A14";3;120;45,1638005444471;14,4005098755855
"WIcroes";"A14";3;180;44,4081986778585;14,5246330857078
"WIcroes";"A14";3;240;43,8680297830855;14,7608429731123
"WIcroes";"A14";3;300;39,5592416211635;14,051462798066
"WIcroes";"A14";3;360;42,3954249688785;14,5280790787934
"WIcroes";"A14";3;420;42,3661527604705;14,5831030815141
"WIcroes";"A14";3;480;43,2614229275587;14,7178674470597
"WIcroes";"A14";3;540;41,5980103725577;14,652578904775
"WIcroes";"A14";3;600;16,5151121596998;10,8337638402001
"WIcroes";"A14";3;660;37,7551372099747;14,1002730410456
"WIcroes";"A14";3;720;19,0855969163863;11,1928243402127
"WIcroes";"A14";3;780;20,8178296067672;11,4898505759317
"WIcroes";"A14";3;840;20,7309274493963;11,5028610684702
"WIcroes";"A14";3;870;20,3760234350976;11,4747092890239
"WIcroes";"A24";1;0;45,4750196308235;12,652744703837
"WIcroes";"A24";1;60;43,1222712904913;12,9935032766464
"WIcroes";"A24";1;120;43,8442590724157;13,5670888674894
"WIcroes";"A24";1;180;43,0952630855488;13,7476678419685
"WIcroes";"A24";1;240;43,6232420148364;14,0482310615731
"WIcroes";"A24";1;300;41,9743934033719;13,8909589323844
"WIcroes";"A24";1;360;41,6029540645054;13,8551100008985
"WIcroes";"A24";1;420;42,1864893715086;14,0221342429314
"WIcroes";"A24";1;480;42,641361834083;14,1908704049314
"WIcroes";"A24";1;540;40,8066391372437;13,9855834943529
"WIcroes";"A24";1;600;40,8644284087085;14,1410531730561
"WIcroes";"A24";1;660;39,8399633507133;13,9879337631233
"WIcroes";"A24";1;720;40,6271937144977;14,1648598122287
"WIcroes";"A24";1;780;38,1017651497171;13,8036647934715
"WIcroes";"A24";1;840;38,5068740562474;13,9632112709442
"WIcroes";"A24";1;870;39,4270199834032;14,1386914614525
"WIcroes";"A24";2;0;53,2020322493446;12,158821747957
"WIcroes";"A24";2;60;51,7960277469376;12,3647828511603
"WIcroes";"A24";2;120;52,8839351997313;12,6801566585942
"WIcroes";"A24";2;180;51,9159997548817;12,6447228103329
"WIcroes";"A24";2;240;52,5512608430148;12,8052198980851
"WIcroes";"A24";2;300;51,1420055224127;12,6668356460705
"WIcroes";"A24";2;360;50,7672829444149;12,6638518594919
"WIcroes";"A24";2;420;51,6160361474417;12,7873908053386
"WIcroes";"A24";2;480;52,3835838384634;12,9360431334094
"WIcroes";"A24";2;540;50,498889488664;12,834046291488
"WIcroes";"A24";2;600;50,370203041845;12,7906255731604
"WIcroes";"A24";2;660;49,5170004079489;12,6990369462751
"WIcroes";"A24";2;720;50,4271757910423;12,8374176584073
"WIcroes";"A24";2;780;47,8175892712499;12,5563455729379
"WIcroes";"A24";2;840;48,3907328904268;12,6986813771968
"WIcroes";"A24";2;870;48,914190510884;12,6925990706572
"WIcroes";"A24";3;0;31,9922760154685;16,647316837951
"WIcroes";"A24";3;60;31,1299975442395;16,7813259342919
"WIcroes";"A24";3;120;31,8246529977152;17,0782102381757
"WIcroes";"A24";3;180;30,6426238187781;17,0303424169789
"WIcroes";"A24";3;240;30,9999260615388;17,012948389509
"WIcroes";"A24";3;300;29,5321033274258;16,8436150736505
"WIcroes";"A24";3;360;29,2468169715966;16,8544386185729
"WIcroes";"A24";3;420;30,07882385428;17,2250602344098
"WIcroes";"A24";3;480;30,7570982000197;17,3755755523585
"WIcroes";"A24";3;540;28,7686889183031;17,0040359762333
"WIcroes";"A24";3;600;28,4132404985491;16,9268565101753
"WIcroes";"A24";3;660;27,4397880759471;16,7298409949257
"WIcroes";"A24";3;720;28,5467959139932;17,0244305435149
"WIcroes";"A24";3;780;26,1716393871567;16,6464484710376
"WIcroes";"A24";3;840;26,7774062363243;16,6754021123818
"WIcroes";"A24";3;870;26,9119654396051;16,7466113848496
"YIfc";"A104";1;0;27,1742840844231;23,6342377721265
"YIfc";"A104";1;60;34,4542941652743;23,079273228395
"YIfc";"A104";1;120;37,981825046023;22,9305995862097
"YIfc";"A104";1;180;44,5614436910648;22,0308243497068
"YIfc";"A104";1;240;44,2282848147197;21,9660821764949
"YIfc";"A104";1;300;48,8656504515782;21,7034166100014
"YIfc";"A104";1;360;50,3396357055846;21,4632564962277
"YIfc";"A104";1;420;52,9296495144865;21,1258593320773
"YIfc";"A104";1;480;53,3976818850656;21,0735240703438
"YIfc";"A104";1;540;54,3673873867369;21,1699793433848
"YIfc";"A104";1;600;58,3635365943227;20,5565924180211
"YIfc";"A104";1;660;55,7090399368681;20,774515424233
"YIfc";"A104";1;720;58,4592259661474;20,4461171371056
"YIfc";"A104";1;780;59,3705308750462;20,4462650905754
"YIfc";"A104";1;840;57,0063292344528;20,7296659294826
"YIfc";"A104";1;870;60,0857586282865;20,3378279138393
"YIfc";"A104";2;0;25,7364075108245;14,5606761990541
"YIfc";"A104";2;60;26,9984400221202;14,676042440551
"YIfc";"A104";2;120;27,1353083562612;14,9244358769296
"YIfc";"A104";2;180;32,2900442316157;14,3413396121879
"YIfc";"A104";2;240;30,0844018719061;14,7375389864883
"YIfc";"A104";2;300;33,1996228816623;14,337272948458
"YIfc";"A104";2;360;33,4124107403897;14,6547365064921
"YIfc";"A104";2;420;35,2089452184101;14,3819637914633
"YIfc";"A104";2;480;34,9948603737067;14,3677440515174
"YIfc";"A104";2;540;35,3542135598461;14,6342417165456
"YIfc";"A104";2;600;39,3866901053049;14,3092315905871
"YIfc";"A104";2;660;36,1057354376584;14,3684856755192
"YIfc";"A104";2;720;38,7429751546041;14,4119165723503
"YIfc";"A104";2;780;39,2635797553622;14,4545230058567
"YIfc";"A104";2;840;35,9673684661419;14,7033979047004
"YIfc";"A104";2;870;39,3120979160423;14,4438271151659
"YIfc";"A104";3;0;23,615683729393;16,3743104271952
"YIfc";"A104";3;60;26,557373693472;16,2902911897232
"YIfc";"A104";3;120;27,2193602624057;16,312251861761
"YIfc";"A104";3;180;33,2311598458896;15,832531306585
"YIfc";"A104";3;240;31,255871048684;15,9391811664359
"YIfc";"A104";3;300;34,8167929074746;15,9768107199694
"YIfc";"A104";3;360;35,7902762602342;15,7741409459129
"YIfc";"A104";3;420;38,0153651628052;15,7959391654751
"YIfc";"A104";3;480;37,7044961433458;16,0072086345737
"YIfc";"A104";3;540;38,3848349596483;15,8293273791647
"YIfc";"A104";3;600;42,1734976847532;15,9313703977828
"YIfc";"A104";3;660;39,4188322446312;16,1906504045721
"YIfc";"A104";3;720;42,2311846799085;15,9014380416577
"YIfc";"A104";3;780;42,2304300445048;15,7494689661827
"YIfc";"A104";3;840;39,6087372479177;16,0723174308461
"YIfc";"A104";3;870;42,7143857094527;15,9893118259166
"YIfc";"A117";1;0;13,7455412483924;26,4015555055736
"YIfc";"A117";1;60;10,6772333365795;26,7601097945159
"YIfc";"A117";1;120;10,4637788799468;26,6192902602198
"YIfc";"A117";1;180;14,3974587834651;26,1907445503145
"YIfc";"A117";1;240;14,9876966650513;26,0158941114137
"YIfc";"A117";1;300;14,9514215327305;26,0217312117775
"YIfc";"A117";1;360;11,2274544700159;26,4517200323725
"YIfc";"A117";1;420;15,3940031407071;25,7974823885367
"YIfc";"A117";1;480;14,8781588518108;25,8853362635242
"YIfc";"A117";1;540;12,5018351564975;25,8667091465333
"YIfc";"A117";1;600;14,8488520335601;25,6162628311349
"YIfc";"A117";1;660;12,0874705459071;25,8441569306553
"YIfc";"A117";1;720;10,2361312557177;26,0067399837682
"YIfc";"A117";1;780;16,1605482754522;25,3014878219311
"YIfc";"A117";1;840;14,7552238994688;25,2774556272052
"YIfc";"A117";1;870;10,0233518167822;25,7203258501977
"YIfc";"A117";2;0;12,2699191583301;21,1743770966857
"YIfc";"A117";2;60;8,35083477265204;21,4490385551137
"YIfc";"A117";2;120;8,34518234921155;21,6667982032151
"YIfc";"A117";2;180;12,2158906733463;21,1300296113629
"YIfc";"A117";2;240;12,767191397516;21,0406711126812
"YIfc";"A117";2;300;12,5116970377212;21,1925080056504
"YIfc";"A117";2;360;8,9807523325277;21,4908704219951
"YIfc";"A117";2;420;13,081799706155;20,9232842233571
"YIfc";"A117";2;480;12,5640637403526;21,0163417461699
"YIfc";"A117";2;540;10,111797659523;21,1973869479696
"YIfc";"A117";2;600;12,5420183627369;20,8904764540907
"YIfc";"A117";2;660;9,69073487262427;21,1369346599285
"YIfc";"A117";2;720;7,77014805475796;21,3387748891581
"YIfc";"A117";2;780;13,7292946414837;20,8886725484931
"YIfc";"A117";2;840;12,2711115231158;20,9254822540736
"YIfc";"A117";2;870;7,5500726292933;21,410580958921
"YIfc";"A117";3;0;6,70869212133574;16,4397749016858
"YIfc";"A117";3;60;2,31408559250215;16,9262325777621
"YIfc";"A117";3;120;2,39573803169852;16,9485107771146
"YIfc";"A117";3;180;6,06516227281857;16,4993766879706
"YIfc";"A117";3;240;6,37130994967695;16,5027694342344
"YIfc";"A117";3;300;6,26414153572371;16,3717597605848
"YIfc";"A117";3;360;2,6501566886872;16,6544706927636
"YIfc";"A117";3;420;6,80727035838923;16,1998505962297
"YIfc";"A117";3;480;6,09022403007102;16,4695771978346
"YIfc";"A117";3;540;3,60673977751244;16,315355794698
"YIfc";"A117";3;600;6,17787142030113;16,1826802817439
"YIfc";"A117";3;660;2,89804037571261;16,1673665706872
"YIfc";"A117";3;720;1,17589222596653;16,2461131115217
"YIfc";"A117";3;780;7,0163223422879;15,8811933597564
"YIfc";"A117";3;840;5,43049119303966;15,8739066517026
"YIfc";"A117";3;870;0,790982873224522;16,1487247683599
"YIfc";"A14";1;0;19,4169995384734;8,49653666994342
"YIfc";"A14";1;60;20,0238187725177;9,34375670467644
"YIfc";"A14";1;120;20,4404692466918;9,79522959355163
"YIfc";"A14";1;180;20,6736310116572;10,3855978646293
"YIfc";"A14";1;240;21,1472206394837;10,633579816887
"YIfc";"A14";1;300;22,706664819817;10,8911607945804
"YIfc";"A14";1;360;21,6753135150539;11,0453229505846
"YIfc";"A14";1;420;21,4347057856012;11,2978764917996
"YIfc";"A14";1;480;16,265266641262;11,6163865978295
"YIfc";"A14";1;540;21,9701710847955;11,6907996893185
"YIfc";"A14";1;600;34,8022233192204;11,84175208461
"YIfc";"A14";1;660;23,5657294715803;12,053323098261
"YIfc";"A14";1;720;34,0459622812551;12,0442699908485
"YIfc";"A14";1;780;29,0359397673736;12,4376573324336
"YIfc";"A14";1;840;29,0493851462706;12,5221881465951
"YIfc";"A14";1;870;28,9824811898011;12,6275347292882
"YIfc";"A14";2;0;18,5102150442533;13,0151993546445
"YIfc";"A14";2;60;19,452324040395;14,2846579684126
"YIfc";"A14";2;120;19,9556847048091;15,1451904426254
"YIfc";"A14";2;180;20,4792135777488;15,4335868018114
"YIfc";"A14";2;240;20,7622592409733;16,008440398684
"YIfc";"A14";2;300;22,6713479757742;16,2248543136601
"YIfc";"A14";2;360;21,9019391029856;16,5718662123996
"YIfc";"A14";2;420;21,5317192088531;16,9636996774791
"YIfc";"A14";2;480;16,8552237751682;17,4947948618178
"YIfc";"A14";2;540;22,0290695277418;17,4976603148827
"YIfc";"A14";2;600;34,9599773904346;17,654272007445
"YIfc";"A14";2;660;23,6614703231745;17,7104317095512
"YIfc";"A14";2;720;34,1676596364111;17,9272932117026
"YIfc";"A14";2;780;29,113413517847;18,6184224159374
"YIfc";"A14";2;840;29,1645040784522;18,5977004338021
"YIfc";"A14";2;870;29,3221806745939;18,5678272545328
"YIfc";"A14";3;0;23,075217985852;14,4102941600251
"YIfc";"A14";3;60;23,983918206731;15,2079458390511
"YIfc";"A14";3;120;25,003978388972;15,2603358024242
"YIfc";"A14";3;180;25,5626536437477;15,5275058402698
"YIfc";"A14";3;240;26,4488834820771;15,8996209960092
"YIfc";"A14";3;300;28,0318002400361;15,8087636765688
"YIfc";"A14";3;360;27,4291349613824;15,8481866125347
"YIfc";"A14";3;420;27,2885324552436;15,9251973285361
"YIfc";"A14";3;480;22,8852881431085;16,2773037797066
"YIfc";"A14";3;540;28,4102198962167;16,0532102331994
"YIfc";"A14";3;600;41,4570338872279;16,084991769264
"YIfc";"A14";3;660;30,1858339576543;16,0927143675247
"YIfc";"A14";3;720;40,5947915347755;16,0777889969292
"YIfc";"A14";3;780;35,6557000098698;16,3077007493858
"YIfc";"A14";3;840;35,7991371592146;16,33682881355
"YIfc";"A14";3;870;36,2232520608945;16,4624482137852
"YIfc";"A24";1;0;17,6157379497921;11,772769779819
"YIfc";"A24";1;60;21,9958161654147;13,1292370489073
"YIfc";"A24";1;120;20,2617801066309;13,8973498235697
"YIfc";"A24";1;180;22,3742420173321;14,3115420581899
"YIfc";"A24";1;240;23,9707600161212;14,64497338297
"YIfc";"A24";1;300;25,0329866518649;14,7488297810962
"YIfc";"A24";1;360;25,0816345807401;14,8891258801916
"YIfc";"A24";1;420;23,5084390114616;15,049374711202
"YIfc";"A24";1;480;21,6549646555576;15,4266270278209
"YIfc";"A24";1;540;25,8367122747268;15,4193959050257
"YIfc";"A24";1;600;26,2739976770982;15,4895739067525
"YIfc";"A24";1;660;28,2310123544455;15,5446355544625
"YIfc";"A24";1;720;25,9729699786048;15,842225394002
"YIfc";"A24";1;780;29,2954275646396;15,6955176693873
"YIfc";"A24";1;840;27,2059265018633;15,983728588535
"YIfc";"A24";1;870;24,0590013859727;16,1200472656774
"YIfc";"A24";2;0;8,50392804297389;9,71717342901128
"YIfc";"A24";2;60;11,706535449778;10,3113372006233
"YIfc";"A24";2;120;9,59636367089392;10,5581595450488
"YIfc";"A24";2;180;11,6762058878938;10,5857514314845
"YIfc";"A24";2;240;13,3837771452057;10,7252881891743
"YIfc";"A24";2;300;13,7946133305043;10,7875177903281
"YIfc";"A24";2;360;13,884474244995;10,9408907372325
"YIfc";"A24";2;420;12,2148954621415;10,9000729537994
"YIfc";"A24";2;480;10,0902460174276;11,1326864279226
"YIfc";"A24";2;540;14,0253682629855;11,2927097565949
"YIfc";"A24";2;600;14,5705046452236;11,2897932824506
"YIfc";"A24";2;660;16,2963027616139;11,3580252221205
"YIfc";"A24";2;720;14,2293749629063;11,3506126282559
"YIfc";"A24";2;780;17,3479968991209;11,4552403775335
"YIfc";"A24";2;840;15,1393080581954;11,7569317558443
"YIfc";"A24";2;870;12,5373090898422;11,5583567924417
"YIfc";"A24";3;0;41,993267857739;20,819340257582
"YIfc";"A24";3;60;44,8136901292848;20,8132358407064
"YIfc";"A24";3;120;43,0110875541241;20,9844252261678
"YIfc";"A24";3;180;45,1999494888847;21,0463630360281
"YIfc";"A24";3;240;46,6992666394487;20,695684851797
"YIfc";"A24";3;300;47,5235874491746;20,5612583517853
"YIfc";"A24";3;360;47,5655607257384;20,6750734704381
"YIfc";"A24";3;420;45,9371047377871;21,0669106921357
"YIfc";"A24";3;480;44,0297909534747;21,0122009315321
"YIfc";"A24";3;540;47,9742374737196;20,8275544986184
"YIfc";"A24";3;600;48,6830710084814;20,8743809432981
"YIfc";"A24";3;660;50,4382842558978;20,7372428309013
"YIfc";"A24";3;720;48,2852739476149;20,679526511156
"YIfc";"A24";3;780;51,0596118402605;20,6791968669706
"YIfc";"A24";3;840;48,8509948399187;20,6616141530804
"YIfc";"A24";3;870;46,9606015412318;20,9524454911677
