"SourceFile";"Var";"Pic";"DateTime";"Nb";"Model";"ImageWidth";"ImageHeight";"FocusDistance";"FNumber";"ExposureTime";"ISO";"WB_RBLevels";"DOF";"FOV";"ShutterSpeed";"Aperture";"Flash";"FocalLength";"Quality";"RedBalance";"BlueBalance";"Time"
"./data/TuberColorSamples/A104/DSC_0002.NEF";"A104";"DSC_0002";2021-04-27 09:56:24;1;"NIKON D5600";6016;4016;0,668343917568615;3,5;0,01666666667;200;"1.2421875 2.5625 1 1";"0.585894979797548 0.777798042676996";"65.9439600222343 0.86712522342482";0,01666666667;3,5;24;18;"RAW    ";1,2421875;2,5625;0
"./data/TuberColorSamples/A104/DSC_0003.NEF";"A104";"DSC_0003";2021-04-27 09:56:54;2;"NIKON D5600";6016;4016;0,749894209332456;3,5;0,01666666667;200;"1.2421875 2.5625 1 1";"0.647370681220364 0.891001306273299";"66.1012971700423 0.975858945776608";0,01666666667;3,5;24;18;"RAW    ";1,2421875;2,5625;30
"./data/TuberColorSamples/A104/DSC_0004.NEF";"A104";"DSC_0004";2021-04-27 09:57:24;3;"NIKON D5600";6016;4016;0,668343917568615;3,5;0,01666666667;200;"1.2421875 2.55078125 1 1";"0.585894979797548 0.777798042676996";"65.9439600222343 0.86712522342482";0,01666666667;3,5;24;18;"RAW    ";1,2421875;2,55078125;60
"./data/TuberColorSamples/A104/DSC_0005.NEF";"A104";"DSC_0005";2021-04-27 09:57:54;4;"NIKON D5600";6016;4016;0,668343917568615;3,5;0,01666666667;200;"1.2421875 2.55078125 1 1";"0.585894979797548 0.777798042676996";"65.9439600222343 0.86712522342482";0,01666666667;3,5;24;18;"RAW    ";1,2421875;2,55078125;90
"./data/TuberColorSamples/A104/DSC_0006.NEF";"A104";"DSC_0006";2021-04-27 09:58:24;5;"NIKON D5600";6016;4016;0,668343917568615;3,5;0,01666666667;200;"1.2421875 2.55078125 1 1";"0.585894979797548 0.777798042676996";"65.9439600222343 0.86712522342482";0,01666666667;3,5;24;18;"RAW    ";1,2421875;2,55078125;120
"./data/TuberColorSamples/A104/DSC_0007.NEF";"A104";"DSC_0007";2021-04-27 09:58:54;6;"NIKON D5600";6016;4016;0,668343917568615;3,5;0,01666666667;200;"1.2421875 2.546875 1 1";"0.585894979797548 0.777798042676996";"65.9439600222343 0.86712522342482";0,01666666667;3,5;24;18;"RAW    ";1,2421875;2,546875;150
"./data/TuberColorSamples/A104/DSC_0008.NEF";"A104";"DSC_0008";2021-04-27 09:59:24;7;"NIKON D5600";6016;4016;0,668343917568615;3,5;0,01666666667;200;"1.2421875 2.5390625 1 1";"0.585894979797548 0.777798042676996";"65.9439600222343 0.86712522342482";0,01666666667;3,5;24;18;"RAW    ";1,2421875;2,5390625;180
"./data/TuberColorSamples/A104/DSC_0009.NEF";"A104";"DSC_0009";2021-04-27 09:59:54;8;"NIKON D5600";6016;4016;0,668343917568615;3,5;0,01666666667;200;"1.2421875 2.54296875 1 1";"0.585894979797548 0.777798042676996";"65.9439600222343 0.86712522342482";0,01666666667;3,5;24;18;"RAW    ";1,2421875;2,54296875;210
"./data/TuberColorSamples/A104/DSC_0010.NEF";"A104";"DSC_0010";2021-04-27 10:00:24;9;"NIKON D5600";6016;4016;0,668343917568615;3,5;0,01666666667;200;"1.23828125 2.53125 1 1";"0.585894979797548 0.777798042676996";"65.9439600222343 0.86712522342482";0,01666666667;3,5;24;18;"RAW    ";1,23828125;2,53125;240
"./data/TuberColorSamples/A104/DSC_0011.NEF";"A104";"DSC_0011";2021-04-27 10:00:54;10;"NIKON D5600";6016;4016;0,668343917568615;3,5;0,01666666667;200;"1.23828125 2.52734375 1 1";"0.585894979797548 0.777798042676996";"65.9439600222343 0.86712522342482";0,01666666667;3,5;24;18;"RAW    ";1,23828125;2,52734375;270
"./data/TuberColorSamples/A104/DSC_0012.NEF";"A104";"DSC_0012";2021-04-27 10:01:24;11;"NIKON D5600";6016;4016;0,749894209332456;3,5;0,01666666667;200;"1.23828125 2.53125 1 1";"0.647370681220364 0.891001306273299";"66.1012971700423 0.975858945776608";0,01666666667;3,5;24;18;"RAW    ";1,23828125;2,53125;300
"./data/TuberColorSamples/A104/DSC_0013.NEF";"A104";"DSC_0013";2021-04-27 10:01:54;12;"NIKON D5600";6016;4016;0,668343917568615;3,5;0,01666666667;200;"1.23828125 2.53515625 1 1";"0.585894979797548 0.777798042676996";"65.9439600222343 0.86712522342482";0,01666666667;3,5;24;18;"RAW    ";1,23828125;2,53515625;330
"./data/TuberColorSamples/A104/DSC_0014.NEF";"A104";"DSC_0014";2021-04-27 10:02:24;13;"NIKON D5600";6016;4016;0,749894209332456;3,5;0,01666666667;200;"1.23828125 2.5234375 1 1";"0.647370681220364 0.891001306273299";"66.1012971700423 0.975858945776608";0,01666666667;3,5;24;18;"RAW    ";1,23828125;2,5234375;360
"./data/TuberColorSamples/A104/DSC_0015.NEF";"A104";"DSC_0015";2021-04-27 10:02:54;14;"NIKON D5600";6016;4016;0,668343917568615;3,5;0,01666666667;200;"1.23828125 2.515625 1 1";"0.585894979797548 0.777798042676996";"65.9439600222343 0.86712522342482";0,01666666667;3,5;24;18;"RAW    ";1,23828125;2,515625;390
"./data/TuberColorSamples/A104/DSC_0016.NEF";"A104";"DSC_0016";2021-04-27 10:03:24;15;"NIKON D5600";6016;4016;0,668343917568615;3,5;0,01666666667;200;"1.23828125 2.51171875 1 1";"0.585894979797548 0.777798042676996";"65.9439600222343 0.86712522342482";0,01666666667;3,5;24;18;"RAW    ";1,23828125;2,51171875;420
"./data/TuberColorSamples/A104/DSC_0017.NEF";"A104";"DSC_0017";2021-04-27 10:03:54;16;"NIKON D5600";6016;4016;0,668343917568615;3,5;0,01666666667;200;"1.23828125 2.51171875 1 1";"0.585894979797548 0.777798042676996";"65.9439600222343 0.86712522342482";0,01666666667;3,5;24;18;"RAW    ";1,23828125;2,51171875;450
"./data/TuberColorSamples/A104/DSC_0018.NEF";"A104";"DSC_0018";2021-04-27 10:04:24;17;"NIKON D5600";6016;4016;0,668343917568615;3,5;0,01666666667;200;"1.23828125 2.51171875 1 1";"0.585894979797548 0.777798042676996";"65.9439600222343 0.86712522342482";0,01666666667;3,5;24;18;"RAW    ";1,23828125;2,51171875;480
"./data/TuberColorSamples/A104/DSC_0019.NEF";"A104";"DSC_0019";2021-04-27 10:04:54;18;"NIKON D5600";6016;4016;0,668343917568615;3,5;0,01666666667;200;"1.23828125 2.5078125 1 1";"0.585894979797548 0.777798042676996";"65.9439600222343 0.86712522342482";0,01666666667;3,5;24;18;"RAW    ";1,23828125;2,5078125;510
"./data/TuberColorSamples/A104/DSC_0020.NEF";"A104";"DSC_0020";2021-04-27 10:05:24;19;"NIKON D5600";6016;4016;0,668343917568615;3,5;0,01666666667;200;"1.23828125 2.50390625 1 1";"0.585894979797548 0.777798042676996";"65.9439600222343 0.86712522342482";0,01666666667;3,5;24;18;"RAW    ";1,23828125;2,50390625;540
"./data/TuberColorSamples/A104/DSC_0021.NEF";"A104";"DSC_0021";2021-04-27 10:05:54;20;"NIKON D5600";6016;4016;0,668343917568615;3,5;0,01666666667;200;"1.23828125 2.50390625 1 1";"0.585894979797548 0.777798042676996";"65.9439600222343 0.86712522342482";0,01666666667;3,5;24;18;"RAW    ";1,23828125;2,50390625;570
"./data/TuberColorSamples/A104/DSC_0022.NEF";"A104";"DSC_0022";2021-04-27 10:06:24;21;"NIKON D5600";6016;4016;0,668343917568615;3,5;0,01666666667;200;"1.23828125 2.5078125 1 1";"0.585894979797548 0.777798042676996";"65.9439600222343 0.86712522342482";0,01666666667;3,5;24;18;"RAW    ";1,23828125;2,5078125;600
"./data/TuberColorSamples/A104/DSC_0023.NEF";"A104";"DSC_0023";2021-04-27 10:06:54;22;"NIKON D5600";6016;4016;0,668343917568615;3,5;0,01666666667;200;"1.23828125 2.51171875 1 1";"0.585894979797548 0.777798042676996";"65.9439600222343 0.86712522342482";0,01666666667;3,5;24;18;"RAW    ";1,23828125;2,51171875;630
"./data/TuberColorSamples/A104/DSC_0024.NEF";"A104";"DSC_0024";2021-04-27 10:07:24;23;"NIKON D5600";6016;4016;0,668343917568615;3,5;0,01666666667;200;"1.23828125 2.51953125 1 1";"0.585894979797548 0.777798042676996";"65.9439600222343 0.86712522342482";0,01666666667;3,5;24;18;"RAW    ";1,23828125;2,51953125;660
"./data/TuberColorSamples/A104/DSC_0025.NEF";"A104";"DSC_0025";2021-04-27 10:07:54;24;"NIKON D5600";6016;4016;0,668343917568615;3,5;0,01666666667;220;"1.234375 2.5078125 1 1";"0.585894979797548 0.777798042676996";"65.9439600222343 0.86712522342482";0,01666666667;3,5;24;18;"RAW    ";1,234375;2,5078125;690
"./data/TuberColorSamples/A104/DSC_0026.NEF";"A104";"DSC_0026";2021-04-27 10:08:24;25;"NIKON D5600";6016;4016;0,668343917568615;3,5;0,01666666667;200;"1.234375 2.51171875 1 1";"0.585894979797548 0.777798042676996";"65.9439600222343 0.86712522342482";0,01666666667;3,5;24;18;"RAW    ";1,234375;2,51171875;720
"./data/TuberColorSamples/A104/DSC_0027.NEF";"A104";"DSC_0027";2021-04-27 10:08:54;26;"NIKON D5600";6016;4016;0,749894209332456;3,5;0,01666666667;200;"1.234375 2.50390625 1 1";"0.647370681220364 0.891001306273299";"66.1012971700423 0.975858945776608";0,01666666667;3,5;24;18;"RAW    ";1,234375;2,50390625;750
"./data/TuberColorSamples/A104/DSC_0028.NEF";"A104";"DSC_0028";2021-04-27 10:09:24;27;"NIKON D5600";6016;4016;0,749894209332456;3,5;0,01666666667;200;"1.234375 2.5078125 1 1";"0.647370681220364 0.891001306273299";"66.1012971700423 0.975858945776608";0,01666666667;3,5;24;18;"RAW    ";1,234375;2,5078125;780
"./data/TuberColorSamples/A104/DSC_0029.NEF";"A104";"DSC_0029";2021-04-27 10:09:54;28;"NIKON D5600";6016;4016;0,668343917568615;3,5;0,01666666667;200;"1.234375 2.50390625 1 1";"0.585894979797548 0.777798042676996";"65.9439600222343 0.86712522342482";0,01666666667;3,5;24;18;"RAW    ";1,234375;2,50390625;810
"./data/TuberColorSamples/A104/DSC_0030.NEF";"A104";"DSC_0030";2021-04-27 10:10:24;29;"NIKON D5600";6016;4016;0,749894209332456;3,5;0,01666666667;200;"1.234375 2.5 1 1";"0.647370681220364 0.891001306273299";"66.1012971700423 0.975858945776608";0,01666666667;3,5;24;18;"RAW    ";1,234375;2,5;840
"./data/TuberColorSamples/A104/DSC_0031.NEF";"A104";"DSC_0031";2021-04-27 10:10:54;30;"NIKON D5600";6016;4016;0,668343917568615;3,5;0,01666666667;200;"1.234375 2.49609375 1 1";"0.585894979797548 0.777798042676996";"65.9439600222343 0.86712522342482";0,01666666667;3,5;24;18;"RAW    ";1,234375;2,49609375;870
"./data/TuberColorSamples/A117/DSC_0034.NEF";"A117";"DSC_0034";2021-05-06 09:55:02;1;"NIKON D5600";6016;4016;0,749894209332456;3,5;0,01666666667;200;"1.3125 2.41015625 1 1";"0.647370681220364 0.891001306273299";"66.1012971700423 0.975858945776608";0,01666666667;3,5;24;18;"RAW    ";1,3125;2,41015625;0
"./data/TuberColorSamples/A117/DSC_0035.NEF";"A117";"DSC_0035";2021-05-06 09:55:32;2;"NIKON D5600";6016;4016;0,668343917568615;3,5;0,01666666667;200;"1.30859375 2.41015625 1 1";"0.585894979797548 0.777798042676996";"65.9439600222343 0.86712522342482";0,01666666667;3,5;24;18;"RAW    ";1,30859375;2,41015625;30
"./data/TuberColorSamples/A117/DSC_0036.NEF";"A117";"DSC_0036";2021-05-06 09:56:02;3;"NIKON D5600";6016;4016;0,668343917568615;3,5;0,01666666667;200;"1.30859375 2.41015625 1 1";"0.585894979797548 0.777798042676996";"65.9439600222343 0.86712522342482";0,01666666667;3,5;24;18;"RAW    ";1,30859375;2,41015625;60
"./data/TuberColorSamples/A117/DSC_0037.NEF";"A117";"DSC_0037";2021-05-06 09:56:32;4;"NIKON D5600";6016;4016;0,668343917568615;3,5;0,01666666667;200;"1.3046875 2.41015625 1 1";"0.585894979797548 0.777798042676996";"65.9439600222343 0.86712522342482";0,01666666667;3,5;24;18;"RAW    ";1,3046875;2,41015625;90
"./data/TuberColorSamples/A117/DSC_0038.NEF";"A117";"DSC_0038";2021-05-06 09:57:02;5;"NIKON D5600";6016;4016;0,668343917568615;3,5;0,01666666667;200;"1.3046875 2.41015625 1 1";"0.585894979797548 0.777798042676996";"65.9439600222343 0.86712522342482";0,01666666667;3,5;24;18;"RAW    ";1,3046875;2,41015625;120
"./data/TuberColorSamples/A117/DSC_0039.NEF";"A117";"DSC_0039";2021-05-06 09:57:32;6;"NIKON D5600";6016;4016;0,668343917568615;3,5;0,01666666667;200;"1.3046875 2.41015625 1 1";"0.585894979797548 0.777798042676996";"65.9439600222343 0.86712522342482";0,01666666667;3,5;24;18;"RAW    ";1,3046875;2,41015625;150
"./data/TuberColorSamples/A117/DSC_0040.NEF";"A117";"DSC_0040";2021-05-06 09:58:02;7;"NIKON D5600";6016;4016;0,668343917568615;3,5;0,01666666667;200;"1.3046875 2.41015625 1 1";"0.585894979797548 0.777798042676996";"65.9439600222343 0.86712522342482";0,01666666667;3,5;24;18;"RAW    ";1,3046875;2,41015625;180
"./data/TuberColorSamples/A117/DSC_0041.NEF";"A117";"DSC_0041";2021-05-06 09:58:32;8;"NIKON D5600";6016;4016;0,668343917568615;3,5;0,01666666667;200;"1.3046875 2.41015625 1 1";"0.585894979797548 0.777798042676996";"65.9439600222343 0.86712522342482";0,01666666667;3,5;24;18;"RAW    ";1,3046875;2,41015625;210
"./data/TuberColorSamples/A117/DSC_0042.NEF";"A117";"DSC_0042";2021-05-06 09:59:02;9;"NIKON D5600";6016;4016;0,668343917568615;3,5;0,01666666667;200;"1.3046875 2.41015625 1 1";"0.585894979797548 0.777798042676996";"65.9439600222343 0.86712522342482";0,01666666667;3,5;24;18;"RAW    ";1,3046875;2,41015625;240
"./data/TuberColorSamples/A117/DSC_0043.NEF";"A117";"DSC_0043";2021-05-06 09:59:32;10;"NIKON D5600";6016;4016;0,668343917568615;3,5;0,01666666667;200;"1.3046875 2.4140625 1 1";"0.585894979797548 0.777798042676996";"65.9439600222343 0.86712522342482";0,01666666667;3,5;24;18;"RAW    ";1,3046875;2,4140625;270
"./data/TuberColorSamples/A117/DSC_0044.NEF";"A117";"DSC_0044";2021-05-06 10:00:02;11;"NIKON D5600";6016;4016;0,668343917568615;3,5;0,01666666667;200;"1.3046875 2.4140625 1 1";"0.585894979797548 0.777798042676996";"65.9439600222343 0.86712522342482";0,01666666667;3,5;24;18;"RAW    ";1,3046875;2,4140625;300
"./data/TuberColorSamples/A117/DSC_0045.NEF";"A117";"DSC_0045";2021-05-06 10:00:32;12;"NIKON D5600";6016;4016;0,749894209332456;3,5;0,01666666667;200;"1.3046875 2.4140625 1 1";"0.647370681220364 0.891001306273299";"66.1012971700423 0.975858945776608";0,01666666667;3,5;24;18;"RAW    ";1,3046875;2,4140625;330
"./data/TuberColorSamples/A117/DSC_0046.NEF";"A117";"DSC_0046";2021-05-06 10:01:02;13;"NIKON D5600";6016;4016;0,668343917568615;3,5;0,01666666667;200;"1.3046875 2.4140625 1 1";"0.585894979797548 0.777798042676996";"65.9439600222343 0.86712522342482";0,01666666667;3,5;24;18;"RAW    ";1,3046875;2,4140625;360
"./data/TuberColorSamples/A117/DSC_0047.NEF";"A117";"DSC_0047";2021-05-06 10:01:32;14;"NIKON D5600";6016;4016;0,668343917568615;3,5;0,01666666667;200;"1.3046875 2.4140625 1 1";"0.585894979797548 0.777798042676996";"65.9439600222343 0.86712522342482";0,01666666667;3,5;24;18;"RAW    ";1,3046875;2,4140625;390
"./data/TuberColorSamples/A117/DSC_0048.NEF";"A117";"DSC_0048";2021-05-06 10:02:02;15;"NIKON D5600";6016;4016;0,668343917568615;3,5;0,01666666667;200;"1.3046875 2.4140625 1 1";"0.585894979797548 0.777798042676996";"65.9439600222343 0.86712522342482";0,01666666667;3,5;24;18;"RAW    ";1,3046875;2,4140625;420
"./data/TuberColorSamples/A117/DSC_0049.NEF";"A117";"DSC_0049";2021-05-06 10:02:32;16;"NIKON D5600";6016;4016;0,668343917568615;3,5;0,01666666667;200;"1.3046875 2.4140625 1 1";"0.585894979797548 0.777798042676996";"65.9439600222343 0.86712522342482";0,01666666667;3,5;24;18;"RAW    ";1,3046875;2,4140625;450
"./data/TuberColorSamples/A117/DSC_0050.NEF";"A117";"DSC_0050";2021-05-06 10:03:02;17;"NIKON D5600";6016;4016;0,668343917568615;3,5;0,01666666667;200;"1.3046875 2.4140625 1 1";"0.585894979797548 0.777798042676996";"65.9439600222343 0.86712522342482";0,01666666667;3,5;24;18;"RAW    ";1,3046875;2,4140625;480
"./data/TuberColorSamples/A117/DSC_0051.NEF";"A117";"DSC_0051";2021-05-06 10:03:32;18;"NIKON D5600";6016;4016;0,668343917568615;3,5;0,01666666667;200;"1.3046875 2.4140625 1 1";"0.585894979797548 0.777798042676996";"65.9439600222343 0.86712522342482";0,01666666667;3,5;24;18;"RAW    ";1,3046875;2,4140625;510
"./data/TuberColorSamples/A117/DSC_0052.NEF";"A117";"DSC_0052";2021-05-06 10:04:02;19;"NIKON D5600";6016;4016;0,668343917568615;3,5;0,01666666667;200;"1.3046875 2.41015625 1 1";"0.585894979797548 0.777798042676996";"65.9439600222343 0.86712522342482";0,01666666667;3,5;24;18;"RAW    ";1,3046875;2,41015625;540
"./data/TuberColorSamples/A117/DSC_0053.NEF";"A117";"DSC_0053";2021-05-06 10:04:32;20;"NIKON D5600";6016;4016;0,668343917568615;3,5;0,01666666667;200;"1.30078125 2.41015625 1 1";"0.585894979797548 0.777798042676996";"65.9439600222343 0.86712522342482";0,01666666667;3,5;24;18;"RAW    ";1,30078125;2,41015625;570
"./data/TuberColorSamples/A117/DSC_0054.NEF";"A117";"DSC_0054";2021-05-06 10:05:02;21;"NIKON D5600";6016;4016;0,668343917568615;3,5;0,01666666667;200;"1.296875 2.41015625 1 1";"0.585894979797548 0.777798042676996";"65.9439600222343 0.86712522342482";0,01666666667;3,5;24;18;"RAW    ";1,296875;2,41015625;600
"./data/TuberColorSamples/A117/DSC_0055.NEF";"A117";"DSC_0055";2021-05-06 10:05:32;22;"NIKON D5600";6016;4016;0,668343917568615;3,5;0,01666666667;200;"1.296875 2.41015625 1 1";"0.585894979797548 0.777798042676996";"65.9439600222343 0.86712522342482";0,01666666667;3,5;24;18;"RAW    ";1,296875;2,41015625;630
"./data/TuberColorSamples/A117/DSC_0056.NEF";"A117";"DSC_0056";2021-05-06 10:06:02;23;"NIKON D5600";6016;4016;0,749894209332456;3,5;0,01666666667;200;"1.296875 2.41015625 1 1";"0.647370681220364 0.891001306273299";"66.1012971700423 0.975858945776608";0,01666666667;3,5;24;18;"RAW    ";1,296875;2,41015625;660
"./data/TuberColorSamples/A117/DSC_0057.NEF";"A117";"DSC_0057";2021-05-06 10:06:32;24;"NIKON D5600";6016;4016;0,668343917568615;3,5;0,01666666667;200;"1.296875 2.41015625 1 1";"0.585894979797548 0.777798042676996";"65.9439600222343 0.86712522342482";0,01666666667;3,5;24;18;"RAW    ";1,296875;2,41015625;690
"./data/TuberColorSamples/A117/DSC_0058.NEF";"A117";"DSC_0058";2021-05-06 10:07:02;25;"NIKON D5600";6016;4016;0,668343917568615;3,5;0,01666666667;200;"1.296875 2.41015625 1 1";"0.585894979797548 0.777798042676996";"65.9439600222343 0.86712522342482";0,01666666667;3,5;24;18;"RAW    ";1,296875;2,41015625;720
"./data/TuberColorSamples/A117/DSC_0059.NEF";"A117";"DSC_0059";2021-05-06 10:07:32;26;"NIKON D5600";6016;4016;0,668343917568615;3,5;0,01666666667;200;"1.296875 2.40625 1 1";"0.585894979797548 0.777798042676996";"65.9439600222343 0.86712522342482";0,01666666667;3,5;24;18;"RAW    ";1,296875;2,40625;750
"./data/TuberColorSamples/A117/DSC_0060.NEF";"A117";"DSC_0060";2021-05-06 10:08:02;27;"NIKON D5600";6016;4016;0,668343917568615;3,5;0,01666666667;200;"1.296875 2.40234375 1 1";"0.585894979797548 0.777798042676996";"65.9439600222343 0.86712522342482";0,01666666667;3,5;24;18;"RAW    ";1,296875;2,40234375;780
"./data/TuberColorSamples/A117/DSC_0061.NEF";"A117";"DSC_0061";2021-05-06 10:08:32;28;"NIKON D5600";6016;4016;0,668343917568615;3,5;0,01666666667;200;"1.296875 2.40625 1 1";"0.585894979797548 0.777798042676996";"65.9439600222343 0.86712522342482";0,01666666667;3,5;24;18;"RAW    ";1,296875;2,40625;810
"./data/TuberColorSamples/A117/DSC_0062.NEF";"A117";"DSC_0062";2021-05-06 10:09:02;29;"NIKON D5600";6016;4016;0,668343917568615;3,5;0,01666666667;200;"1.296875 2.41015625 1 1";"0.585894979797548 0.777798042676996";"65.9439600222343 0.86712522342482";0,01666666667;3,5;24;18;"RAW    ";1,296875;2,41015625;840
"./data/TuberColorSamples/A117/DSC_0063.NEF";"A117";"DSC_0063";2021-05-06 10:09:32;30;"NIKON D5600";6016;4016;0,668343917568615;3,5;0,01666666667;200;"1.30078125 2.40625 1 1";"0.585894979797548 0.777798042676996";"65.9439600222343 0.86712522342482";0,01666666667;3,5;24;18;"RAW    ";1,30078125;2,40625;870
"./data/TuberColorSamples/A14/DSC_0002.NEF";"A14";"DSC_0002";2021-05-18 09:21:39;1;"NIKON D5600";6016;4016;0,668343917568615;3,5;0,01666666667;220;"1.3046875 2.34375 1 1";"0.585894979797548 0.777798042676996";"65.9439600222343 0.86712522342482";0,01666666667;3,5;24;18;"RAW    ";1,3046875;2,34375;0
"./data/TuberColorSamples/A14/DSC_0003.NEF";"A14";"DSC_0003";2021-05-18 09:22:09;2;"NIKON D5600";6016;4016;0,668343917568615;3,5;0,01666666667;220;"1.3046875 2.34375 1 1";"0.585894979797548 0.777798042676996";"65.9439600222343 0.86712522342482";0,01666666667;3,5;24;18;"RAW    ";1,3046875;2,34375;30
"./data/TuberColorSamples/A14/DSC_0004.NEF";"A14";"DSC_0004";2021-05-18 09:22:39;3;"NIKON D5600";6016;4016;0,668343917568615;3,5;0,01666666667;220;"1.30078125 2.34375 1 1";"0.585894979797548 0.777798042676996";"65.9439600222343 0.86712522342482";0,01666666667;3,5;24;18;"RAW    ";1,30078125;2,34375;60
"./data/TuberColorSamples/A14/DSC_0005.NEF";"A14";"DSC_0005";2021-05-18 09:23:09;4;"NIKON D5600";6016;4016;0,668343917568615;3,5;0,01666666667;220;"1.296875 2.34375 1 1";"0.585894979797548 0.777798042676996";"65.9439600222343 0.86712522342482";0,01666666667;3,5;24;18;"RAW    ";1,296875;2,34375;90
"./data/TuberColorSamples/A14/DSC_0006.NEF";"A14";"DSC_0006";2021-05-18 09:23:39;5;"NIKON D5600";6016;4016;0,668343917568615;3,5;0,01666666667;250;"1.296875 2.34375 1 1";"0.585894979797548 0.777798042676996";"65.9439600222343 0.86712522342482";0,01666666667;3,5;24;18;"RAW    ";1,296875;2,34375;120
"./data/TuberColorSamples/A14/DSC_0007.NEF";"A14";"DSC_0007";2021-05-18 09:24:09;6;"NIKON D5600";6016;4016;0,668343917568615;3,5;0,01666666667;220;"1.29296875 2.3515625 1 1";"0.585894979797548 0.777798042676996";"65.9439600222343 0.86712522342482";0,01666666667;3,5;24;18;"RAW    ";1,29296875;2,3515625;150
"./data/TuberColorSamples/A14/DSC_0008.NEF";"A14";"DSC_0008";2021-05-18 09:24:39;7;"NIKON D5600";6016;4016;0,668343917568615;3,5;0,01666666667;250;"1.29296875 2.3515625 1 1";"0.585894979797548 0.777798042676996";"65.9439600222343 0.86712522342482";0,01666666667;3,5;24;18;"RAW    ";1,29296875;2,3515625;180
"./data/TuberColorSamples/A14/DSC_0009.NEF";"A14";"DSC_0009";2021-05-18 09:25:09;8;"NIKON D5600";6016;4016;0,668343917568615;3,5;0,01666666667;250;"1.29296875 2.3515625 1 1";"0.585894979797548 0.777798042676996";"65.9439600222343 0.86712522342482";0,01666666667;3,5;24;18;"RAW    ";1,29296875;2,3515625;210
"./data/TuberColorSamples/A14/DSC_0010.NEF";"A14";"DSC_0010";2021-05-18 09:25:39;9;"NIKON D5600";6016;4016;0,668343917568615;3,5;0,01666666667;250;"1.296875 2.3515625 1 1";"0.585894979797548 0.777798042676996";"65.9439600222343 0.86712522342482";0,01666666667;3,5;24;18;"RAW    ";1,296875;2,3515625;240
"./data/TuberColorSamples/A14/DSC_0011.NEF";"A14";"DSC_0011";2021-05-18 09:26:09;10;"NIKON D5600";6016;4016;0,668343917568615;3,5;0,01666666667;250;"1.296875 2.3515625 1 1";"0.585894979797548 0.777798042676996";"65.9439600222343 0.86712522342482";0,01666666667;3,5;24;18;"RAW    ";1,296875;2,3515625;270
"./data/TuberColorSamples/A14/DSC_0012.NEF";"A14";"DSC_0012";2021-05-18 09:26:39;11;"NIKON D5600";6016;4016;0,668343917568615;3,5;0,01666666667;250;"1.296875 2.3515625 1 1";"0.585894979797548 0.777798042676996";"65.9439600222343 0.86712522342482";0,01666666667;3,5;24;18;"RAW    ";1,296875;2,3515625;300
"./data/TuberColorSamples/A14/DSC_0013.NEF";"A14";"DSC_0013";2021-05-18 09:27:09;12;"NIKON D5600";6016;4016;0,668343917568615;3,5;0,01666666667;250;"1.296875 2.35546875 1 1";"0.585894979797548 0.777798042676996";"65.9439600222343 0.86712522342482";0,01666666667;3,5;24;18;"RAW    ";1,296875;2,35546875;330
"./data/TuberColorSamples/A14/DSC_0014.NEF";"A14";"DSC_0014";2021-05-18 09:27:39;13;"NIKON D5600";6016;4016;0,668343917568615;3,5;0,01666666667;250;"1.296875 2.35546875 1 1";"0.585894979797548 0.777798042676996";"65.9439600222343 0.86712522342482";0,01666666667;3,5;24;18;"RAW    ";1,296875;2,35546875;360
"./data/TuberColorSamples/A14/DSC_0015.NEF";"A14";"DSC_0015";2021-05-18 09:28:09;14;"NIKON D5600";6016;4016;0,668343917568615;3,5;0,01666666667;220;"1.296875 2.359375 1 1";"0.585894979797548 0.777798042676996";"65.9439600222343 0.86712522342482";0,01666666667;3,5;24;18;"RAW    ";1,296875;2,359375;390
"./data/TuberColorSamples/A14/DSC_0016.NEF";"A14";"DSC_0016";2021-05-18 09:28:39;15;"NIKON D5600";6016;4016;0,668343917568615;3,5;0,01666666667;220;"1.296875 2.36328125 1 1";"0.585894979797548 0.777798042676996";"65.9439600222343 0.86712522342482";0,01666666667;3,5;24;18;"RAW    ";1,296875;2,36328125;420
"./data/TuberColorSamples/A14/DSC_0017.NEF";"A14";"DSC_0017";2021-05-18 09:29:09;16;"NIKON D5600";6016;4016;0,668343917568615;3,5;0,01666666667;250;"1.296875 2.36328125 1 1";"0.585894979797548 0.777798042676996";"65.9439600222343 0.86712522342482";0,01666666667;3,5;24;18;"RAW    ";1,296875;2,36328125;450
"./data/TuberColorSamples/A14/DSC_0018.NEF";"A14";"DSC_0018";2021-05-18 09:29:39;17;"NIKON D5600";6016;4016;0,668343917568615;3,5;0,01666666667;220;"1.29296875 2.37109375 1 1";"0.585894979797548 0.777798042676996";"65.9439600222343 0.86712522342482";0,01666666667;3,5;24;18;"RAW    ";1,29296875;2,37109375;480
"./data/TuberColorSamples/A14/DSC_0019.NEF";"A14";"DSC_0019";2021-05-18 09:30:09;18;"NIKON D5600";6016;4016;0,749894209332456;3,5;0,01666666667;250;"1.29296875 2.3671875 1 1";"0.647370681220364 0.891001306273299";"66.1012971700423 0.975858945776608";0,01666666667;3,5;24;18;"RAW    ";1,29296875;2,3671875;510
"./data/TuberColorSamples/A14/DSC_0020.NEF";"A14";"DSC_0020";2021-05-18 09:30:39;19;"NIKON D5600";6016;4016;0,668343917568615;3,5;0,01666666667;250;"1.29296875 2.3671875 1 1";"0.585894979797548 0.777798042676996";"65.9439600222343 0.86712522342482";0,01666666667;3,5;24;18;"RAW    ";1,29296875;2,3671875;540
"./data/TuberColorSamples/A14/DSC_0021.NEF";"A14";"DSC_0021";2021-05-18 09:31:09;20;"NIKON D5600";6016;4016;0,668343917568615;3,5;0,01666666667;250;"1.29296875 2.37109375 1 1";"0.585894979797548 0.777798042676996";"65.9439600222343 0.86712522342482";0,01666666667;3,5;24;18;"RAW    ";1,29296875;2,37109375;570
"./data/TuberColorSamples/A14/DSC_0022.NEF";"A14";"DSC_0022";2021-05-18 09:31:39;21;"NIKON D5600";6016;4016;0,668343917568615;3,5;0,01666666667;250;"1.29296875 2.37109375 1 1";"0.585894979797548 0.777798042676996";"65.9439600222343 0.86712522342482";0,01666666667;3,5;24;18;"RAW    ";1,29296875;2,37109375;600
"./data/TuberColorSamples/A14/DSC_0023.NEF";"A14";"DSC_0023";2021-05-18 09:32:09;22;"NIKON D5600";6016;4016;0,668343917568615;3,5;0,01666666667;250;"1.29296875 2.37109375 1 1";"0.585894979797548 0.777798042676996";"65.9439600222343 0.86712522342482";0,01666666667;3,5;24;18;"RAW    ";1,29296875;2,37109375;630
"./data/TuberColorSamples/A14/DSC_0024.NEF";"A14";"DSC_0024";2021-05-18 09:32:39;23;"NIKON D5600";6016;4016;0,668343917568615;3,5;0,01666666667;250;"1.29296875 2.37109375 1 1";"0.585894979797548 0.777798042676996";"65.9439600222343 0.86712522342482";0,01666666667;3,5;24;18;"RAW    ";1,29296875;2,37109375;660
"./data/TuberColorSamples/A14/DSC_0025.NEF";"A14";"DSC_0025";2021-05-18 09:33:09;24;"NIKON D5600";6016;4016;0,668343917568615;3,5;0,01666666667;250;"1.29296875 2.37109375 1 1";"0.585894979797548 0.777798042676996";"65.9439600222343 0.86712522342482";0,01666666667;3,5;24;18;"RAW    ";1,29296875;2,37109375;690
"./data/TuberColorSamples/A14/DSC_0026.NEF";"A14";"DSC_0026";2021-05-18 09:33:39;25;"NIKON D5600";6016;4016;0,668343917568615;3,5;0,01666666667;250;"1.29296875 2.37109375 1 1";"0.585894979797548 0.777798042676996";"65.9439600222343 0.86712522342482";0,01666666667;3,5;24;18;"RAW    ";1,29296875;2,37109375;720
"./data/TuberColorSamples/A14/DSC_0027.NEF";"A14";"DSC_0027";2021-05-18 09:34:09;26;"NIKON D5600";6016;4016;0,668343917568615;3,5;0,01666666667;250;"1.29296875 2.37109375 1 1";"0.585894979797548 0.777798042676996";"65.9439600222343 0.86712522342482";0,01666666667;3,5;24;18;"RAW    ";1,29296875;2,37109375;750
"./data/TuberColorSamples/A14/DSC_0028.NEF";"A14";"DSC_0028";2021-05-18 09:34:39;27;"NIKON D5600";6016;4016;0,668343917568615;3,5;0,01666666667;250;"1.29296875 2.37109375 1 1";"0.585894979797548 0.777798042676996";"65.9439600222343 0.86712522342482";0,01666666667;3,5;24;18;"RAW    ";1,29296875;2,37109375;780
"./data/TuberColorSamples/A14/DSC_0029.NEF";"A14";"DSC_0029";2021-05-18 09:35:09;28;"NIKON D5600";6016;4016;0,668343917568615;3,5;0,01666666667;250;"1.29296875 2.37109375 1 1";"0.585894979797548 0.777798042676996";"65.9439600222343 0.86712522342482";0,01666666667;3,5;24;18;"RAW    ";1,29296875;2,37109375;810
"./data/TuberColorSamples/A14/DSC_0030.NEF";"A14";"DSC_0030";2021-05-18 09:35:39;29;"NIKON D5600";6016;4016;0,668343917568615;3,5;0,01666666667;250;"1.29296875 2.37109375 1 1";"0.585894979797548 0.777798042676996";"65.9439600222343 0.86712522342482";0,01666666667;3,5;24;18;"RAW    ";1,29296875;2,37109375;840
"./data/TuberColorSamples/A14/DSC_0031.NEF";"A14";"DSC_0031";2021-05-18 09:36:09;30;"NIKON D5600";6016;4016;0,668343917568615;3,5;0,01666666667;250;"1.29296875 2.37109375 1 1";"0.585894979797548 0.777798042676996";"65.9439600222343 0.86712522342482";0,01666666667;3,5;24;18;"RAW    ";1,29296875;2,37109375;870
"./data/TuberColorSamples/A24/DSC_0002.NEF";"A24";"DSC_0002";2021-05-17 11:12:05;1;"NIKON D5600";6016;4016;0,749894209332456;3,5;0,01666666667;220;"1.328125 2.37109375 1 1";"0.647370681220364 0.891001306273299";"66.1012971700423 0.975858945776608";0,01666666667;3,5;24;18;"RAW    ";1,328125;2,37109375;0
"./data/TuberColorSamples/A24/DSC_0003.NEF";"A24";"DSC_0003";2021-05-17 11:12:35;2;"NIKON D5600";6016;4016;0,749894209332456;3,5;0,01666666667;220;"1.328125 2.3671875 1 1";"0.647370681220364 0.891001306273299";"66.1012971700423 0.975858945776608";0,01666666667;3,5;24;18;"RAW    ";1,328125;2,3671875;30
"./data/TuberColorSamples/A24/DSC_0004.NEF";"A24";"DSC_0004";2021-05-17 11:13:05;3;"NIKON D5600";6016;4016;0,668343917568615;3,5;0,01666666667;220;"1.328125 2.3671875 1 1";"0.585894979797548 0.777798042676996";"65.9439600222343 0.86712522342482";0,01666666667;3,5;24;18;"RAW    ";1,328125;2,3671875;60
"./data/TuberColorSamples/A24/DSC_0005.NEF";"A24";"DSC_0005";2021-05-17 11:13:35;4;"NIKON D5600";6016;4016;0,668343917568615;3,5;0,01666666667;220;"1.32421875 2.375 1 1";"0.585894979797548 0.777798042676996";"65.9439600222343 0.86712522342482";0,01666666667;3,5;24;18;"RAW    ";1,32421875;2,375;90
"./data/TuberColorSamples/A24/DSC_0006.NEF";"A24";"DSC_0006";2021-05-17 11:14:05;5;"NIKON D5600";6016;4016;0,749894209332456;3,5;0,01666666667;220;"1.32421875 2.37109375 1 1";"0.647370681220364 0.891001306273299";"66.1012971700423 0.975858945776608";0,01666666667;3,5;24;18;"RAW    ";1,32421875;2,37109375;120
"./data/TuberColorSamples/A24/DSC_0007.NEF";"A24";"DSC_0007";2021-05-17 11:14:35;6;"NIKON D5600";6016;4016;0,749894209332456;3,5;0,01666666667;220;"1.32421875 2.3671875 1 1";"0.647370681220364 0.891001306273299";"66.1012971700423 0.975858945776608";0,01666666667;3,5;24;18;"RAW    ";1,32421875;2,3671875;150
"./data/TuberColorSamples/A24/DSC_0008.NEF";"A24";"DSC_0008";2021-05-17 11:15:05;7;"NIKON D5600";6016;4016;0,668343917568615;3,5;0,01666666667;220;"1.32421875 2.36328125 1 1";"0.585894979797548 0.777798042676996";"65.9439600222343 0.86712522342482";0,01666666667;3,5;24;18;"RAW    ";1,32421875;2,36328125;180
"./data/TuberColorSamples/A24/DSC_0009.NEF";"A24";"DSC_0009";2021-05-17 11:15:35;8;"NIKON D5600";6016;4016;0,749894209332456;3,5;0,01666666667;220;"1.3203125 2.37109375 1 1";"0.647370681220364 0.891001306273299";"66.1012971700423 0.975858945776608";0,01666666667;3,5;24;18;"RAW    ";1,3203125;2,37109375;210
"./data/TuberColorSamples/A24/DSC_0010.NEF";"A24";"DSC_0010";2021-05-17 11:16:05;9;"NIKON D5600";6016;4016;0,749894209332456;3,5;0,01666666667;250;"1.3203125 2.36328125 1 1";"0.647370681220364 0.891001306273299";"66.1012971700423 0.975858945776608";0,01666666667;3,5;24;18;"RAW    ";1,3203125;2,36328125;240
"./data/TuberColorSamples/A24/DSC_0011.NEF";"A24";"DSC_0011";2021-05-17 11:16:35;10;"NIKON D5600";6016;4016;0,749894209332456;3,5;0,01666666667;220;"1.3203125 2.37109375 1 1";"0.647370681220364 0.891001306273299";"66.1012971700423 0.975858945776608";0,01666666667;3,5;24;18;"RAW    ";1,3203125;2,37109375;270
"./data/TuberColorSamples/A24/DSC_0012.NEF";"A24";"DSC_0012";2021-05-17 11:17:05;11;"NIKON D5600";6016;4016;0,668343917568615;3,5;0,01666666667;220;"1.3203125 2.3671875 1 1";"0.585894979797548 0.777798042676996";"65.9439600222343 0.86712522342482";0,01666666667;3,5;24;18;"RAW    ";1,3203125;2,3671875;300
"./data/TuberColorSamples/A24/DSC_0013.NEF";"A24";"DSC_0013";2021-05-17 11:17:35;12;"NIKON D5600";6016;4016;0,749894209332456;3,5;0,01666666667;220;"1.3203125 2.37109375 1 1";"0.647370681220364 0.891001306273299";"66.1012971700423 0.975858945776608";0,01666666667;3,5;24;18;"RAW    ";1,3203125;2,37109375;330
"./data/TuberColorSamples/A24/DSC_0014.NEF";"A24";"DSC_0014";2021-05-17 11:18:05;13;"NIKON D5600";6016;4016;0,749894209332456;3,5;0,01666666667;220;"1.3203125 2.37109375 1 1";"0.647370681220364 0.891001306273299";"66.1012971700423 0.975858945776608";0,01666666667;3,5;24;18;"RAW    ";1,3203125;2,37109375;360
"./data/TuberColorSamples/A24/DSC_0015.NEF";"A24";"DSC_0015";2021-05-17 11:18:35;14;"NIKON D5600";6016;4016;0,749894209332456;3,5;0,01666666667;220;"1.3203125 2.375 1 1";"0.647370681220364 0.891001306273299";"66.1012971700423 0.975858945776608";0,01666666667;3,5;24;18;"RAW    ";1,3203125;2,375;390
"./data/TuberColorSamples/A24/DSC_0016.NEF";"A24";"DSC_0016";2021-05-17 11:19:05;15;"NIKON D5600";6016;4016;0,749894209332456;3,5;0,01666666667;220;"1.3203125 2.37890625 1 1";"0.647370681220364 0.891001306273299";"66.1012971700423 0.975858945776608";0,01666666667;3,5;24;18;"RAW    ";1,3203125;2,37890625;420
"./data/TuberColorSamples/A24/DSC_0017.NEF";"A24";"DSC_0017";2021-05-17 11:19:35;16;"NIKON D5600";6016;4016;0,668343917568615;3,5;0,01666666667;220;"1.3203125 2.37890625 1 1";"0.585894979797548 0.777798042676996";"65.9439600222343 0.86712522342482";0,01666666667;3,5;24;18;"RAW    ";1,3203125;2,37890625;450
"./data/TuberColorSamples/A24/DSC_0018.NEF";"A24";"DSC_0018";2021-05-17 11:20:05;17;"NIKON D5600";6016;4016;0,668343917568615;3,5;0,01666666667;220;"1.3203125 2.3828125 1 1";"0.585894979797548 0.777798042676996";"65.9439600222343 0.86712522342482";0,01666666667;3,5;24;18;"RAW    ";1,3203125;2,3828125;480
"./data/TuberColorSamples/A24/DSC_0019.NEF";"A24";"DSC_0019";2021-05-17 11:20:35;18;"NIKON D5600";6016;4016;0,668343917568615;3,5;0,01666666667;220;"1.31640625 2.38671875 1 1";"0.585894979797548 0.777798042676996";"65.9439600222343 0.86712522342482";0,01666666667;3,5;24;18;"RAW    ";1,31640625;2,38671875;510
"./data/TuberColorSamples/A24/DSC_0020.NEF";"A24";"DSC_0020";2021-05-17 11:21:05;19;"NIKON D5600";6016;4016;0,749894209332456;3,5;0,01666666667;250;"1.3203125 2.375 1 1";"0.647370681220364 0.891001306273299";"66.1012971700423 0.975858945776608";0,01666666667;3,5;24;18;"RAW    ";1,3203125;2,375;540
"./data/TuberColorSamples/A24/DSC_0021.NEF";"A24";"DSC_0021";2021-05-17 11:21:35;20;"NIKON D5600";6016;4016;0,668343917568615;3,5;0,01666666667;250;"1.3203125 2.3671875 1 1";"0.585894979797548 0.777798042676996";"65.9439600222343 0.86712522342482";0,01666666667;3,5;24;18;"RAW    ";1,3203125;2,3671875;570
"./data/TuberColorSamples/A24/DSC_0022.NEF";"A24";"DSC_0022";2021-05-17 11:22:05;21;"NIKON D5600";6016;4016;0,749894209332456;3,5;0,01666666667;250;"1.3203125 2.36328125 1 1";"0.647370681220364 0.891001306273299";"66.1012971700423 0.975858945776608";0,01666666667;3,5;24;18;"RAW    ";1,3203125;2,36328125;600
"./data/TuberColorSamples/A24/DSC_0023.NEF";"A24";"DSC_0023";2021-05-17 11:22:35;22;"NIKON D5600";6016;4016;0,749894209332456;3,5;0,01666666667;250;"1.3203125 2.359375 1 1";"0.647370681220364 0.891001306273299";"66.1012971700423 0.975858945776608";0,01666666667;3,5;24;18;"RAW    ";1,3203125;2,359375;630
"./data/TuberColorSamples/A24/DSC_0024.NEF";"A24";"DSC_0024";2021-05-17 11:23:05;23;"NIKON D5600";6016;4016;0,749894209332456;3,5;0,01666666667;250;"1.3203125 2.359375 1 1";"0.647370681220364 0.891001306273299";"66.1012971700423 0.975858945776608";0,01666666667;3,5;24;18;"RAW    ";1,3203125;2,359375;660
"./data/TuberColorSamples/A24/DSC_0025.NEF";"A24";"DSC_0025";2021-05-17 11:23:35;24;"NIKON D5600";6016;4016;0,668343917568615;3,5;0,01666666667;220;"1.3203125 2.3671875 1 1";"0.585894979797548 0.777798042676996";"65.9439600222343 0.86712522342482";0,01666666667;3,5;24;18;"RAW    ";1,3203125;2,3671875;690
"./data/TuberColorSamples/A24/DSC_0026.NEF";"A24";"DSC_0026";2021-05-17 11:24:05;25;"NIKON D5600";6016;4016;0,668343917568615;3,5;0,01666666667;220;"1.3203125 2.37109375 1 1";"0.585894979797548 0.777798042676996";"65.9439600222343 0.86712522342482";0,01666666667;3,5;24;18;"RAW    ";1,3203125;2,37109375;720
"./data/TuberColorSamples/A24/DSC_0027.NEF";"A24";"DSC_0027";2021-05-17 11:24:35;26;"NIKON D5600";6016;4016;0,749894209332456;3,5;0,01666666667;250;"1.32421875 2.36328125 1 1";"0.647370681220364 0.891001306273299";"66.1012971700423 0.975858945776608";0,01666666667;3,5;24;18;"RAW    ";1,32421875;2,36328125;750
"./data/TuberColorSamples/A24/DSC_0028.NEF";"A24";"DSC_0028";2021-05-17 11:25:05;27;"NIKON D5600";6016;4016;0,668343917568615;3,5;0,01666666667;250;"1.3203125 2.375 1 1";"0.585894979797548 0.777798042676996";"65.9439600222343 0.86712522342482";0,01666666667;3,5;24;18;"RAW    ";1,3203125;2,375;780
"./data/TuberColorSamples/A24/DSC_0029.NEF";"A24";"DSC_0029";2021-05-17 11:25:35;28;"NIKON D5600";6016;4016;0,668343917568615;3,5;0,01666666667;250;"1.3203125 2.3828125 1 1";"0.585894979797548 0.777798042676996";"65.9439600222343 0.86712522342482";0,01666666667;3,5;24;18;"RAW    ";1,3203125;2,3828125;810
"./data/TuberColorSamples/A24/DSC_0030.NEF";"A24";"DSC_0030";2021-05-17 11:26:05;29;"NIKON D5600";6016;4016;0,668343917568615;3,5;0,01666666667;250;"1.3203125 2.390625 1 1";"0.585894979797548 0.777798042676996";"65.9439600222343 0.86712522342482";0,01666666667;3,5;24;18;"RAW    ";1,3203125;2,390625;840
"./data/TuberColorSamples/A24/DSC_0031.NEF";"A24";"DSC_0031";2021-05-17 11:26:35;30;"NIKON D5600";6016;4016;0,749894209332456;3,5;0,01666666667;250;"1.3203125 2.39453125 1 1";"0.647370681220364 0.891001306273299";"66.1012971700423 0.975858945776608";0,01666666667;3,5;24;18;"RAW    ";1,3203125;2,39453125;870
"./data/TuberColorSamples/A39/DSC_0002.NEF";"A39";"DSC_0002";2021-05-03 10:07:01;1;"NIKON D5600";6016;4016;0,668343917568615;3,5;0,01666666667;180;"1.63671875 1.87890625 1 1";"0.585894979797548 0.777798042676996";"65.9439600222343 0.86712522342482";0,01666666667;3,5;31;18;"RAW    ";1,63671875;1,87890625;0
"./data/TuberColorSamples/A39/DSC_0003.NEF";"A39";"DSC_0003";2021-05-03 10:07:31;2;"NIKON D5600";6016;4016;0,749894209332456;3,5;0,01666666667;180;"1.63671875 1.8671875 1 1";"0.647370681220364 0.891001306273299";"66.1012971700423 0.975858945776608";0,01666666667;3,5;31;18;"RAW    ";1,63671875;1,8671875;30
"./data/TuberColorSamples/A39/DSC_0004.NEF";"A39";"DSC_0004";2021-05-03 10:08:01;3;"NIKON D5600";6016;4016;0,668343917568615;3,5;0,01666666667;180;"1.67578125 1.78125 1 1";"0.585894979797548 0.777798042676996";"65.9439600222343 0.86712522342482";0,01666666667;3,5;31;18;"RAW    ";1,67578125;1,78125;60
"./data/TuberColorSamples/A39/DSC_0005.NEF";"A39";"DSC_0005";2021-05-03 10:08:31;4;"NIKON D5600";6016;4016;0,749894209332456;3,5;0,01666666667;180;"1.62890625 1.88671875 1 1";"0.647370681220364 0.891001306273299";"66.1012971700423 0.975858945776608";0,01666666667;3,5;31;18;"RAW    ";1,62890625;1,88671875;90
"./data/TuberColorSamples/A39/DSC_0006.NEF";"A39";"DSC_0006";2021-05-03 10:09:01;5;"NIKON D5600";6016;4016;0,668343917568615;3,5;0,01666666667;180;"1.62890625 1.875 1 1";"0.585894979797548 0.777798042676996";"65.9439600222343 0.86712522342482";0,01666666667;3,5;31;18;"RAW    ";1,62890625;1,875;120
"./data/TuberColorSamples/A39/DSC_0007.NEF";"A39";"DSC_0007";2021-05-03 10:09:31;6;"NIKON D5600";6016;4016;0,668343917568615;3,5;0,01666666667;180;"1.625 1.8828125 1 1";"0.585894979797548 0.777798042676996";"65.9439600222343 0.86712522342482";0,01666666667;3,5;31;18;"RAW    ";1,625;1,8828125;150
"./data/TuberColorSamples/A39/DSC_0008.NEF";"A39";"DSC_0008";2021-05-03 10:10:01;7;"NIKON D5600";6016;4016;0,749894209332456;3,5;0,01666666667;180;"1.62890625 1.890625 1 1";"0.647370681220364 0.891001306273299";"66.1012971700423 0.975858945776608";0,01666666667;3,5;31;18;"RAW    ";1,62890625;1,890625;180
"./data/TuberColorSamples/A39/DSC_0009.NEF";"A39";"DSC_0009";2021-05-03 10:10:31;8;"NIKON D5600";6016;4016;0,749894209332456;3,5;0,01666666667;180;"1.625 1.89453125 1 1";"0.647370681220364 0.891001306273299";"66.1012971700423 0.975858945776608";0,01666666667;3,5;31;18;"RAW    ";1,625;1,89453125;210
"./data/TuberColorSamples/A39/DSC_0010.NEF";"A39";"DSC_0010";2021-05-03 10:11:01;9;"NIKON D5600";6016;4016;0,749894209332456;3,5;0,01666666667;180;"1.63671875 1.859375 1 1";"0.647370681220364 0.891001306273299";"66.1012971700423 0.975858945776608";0,01666666667;3,5;31;18;"RAW    ";1,63671875;1,859375;240
"./data/TuberColorSamples/A39/DSC_0011.NEF";"A39";"DSC_0011";2021-05-03 10:11:31;10;"NIKON D5600";6016;4016;0,749894209332456;3,5;0,01666666667;180;"1.63671875 1.8671875 1 1";"0.647370681220364 0.891001306273299";"66.1012971700423 0.975858945776608";0,01666666667;3,5;31;18;"RAW    ";1,63671875;1,8671875;270
"./data/TuberColorSamples/A39/DSC_0012.NEF";"A39";"DSC_0012";2021-05-03 10:12:01;11;"NIKON D5600";6016;4016;0,749894209332456;3,5;0,01666666667;180;"1.625 1.890625 1 1";"0.647370681220364 0.891001306273299";"66.1012971700423 0.975858945776608";0,01666666667;3,5;31;18;"RAW    ";1,625;1,890625;300
"./data/TuberColorSamples/A39/DSC_0013.NEF";"A39";"DSC_0013";2021-05-03 10:12:31;12;"NIKON D5600";6016;4016;0,749894209332456;3,5;0,01666666667;180;"1.63671875 1.8671875 1 1";"0.647370681220364 0.891001306273299";"66.1012971700423 0.975858945776608";0,01666666667;3,5;31;18;"RAW    ";1,63671875;1,8671875;330
"./data/TuberColorSamples/A39/DSC_0014.NEF";"A39";"DSC_0014";2021-05-03 10:13:01;13;"NIKON D5600";6016;4016;0,749894209332456;3,5;0,01666666667;180;"1.625 1.8828125 1 1";"0.647370681220364 0.891001306273299";"66.1012971700423 0.975858945776608";0,01666666667;3,5;31;18;"RAW    ";1,625;1,8828125;360
"./data/TuberColorSamples/A39/DSC_0015.NEF";"A39";"DSC_0015";2021-05-03 10:13:31;14;"NIKON D5600";6016;4016;0,749894209332456;3,5;0,01666666667;180;"1.625 1.8828125 1 1";"0.647370681220364 0.891001306273299";"66.1012971700423 0.975858945776608";0,01666666667;3,5;31;18;"RAW    ";1,625;1,8828125;390
"./data/TuberColorSamples/A39/DSC_0016.NEF";"A39";"DSC_0016";2021-05-03 10:14:01;15;"NIKON D5600";6016;4016;0,749894209332456;3,5;0,01666666667;180;"1.62890625 1.875 1 1";"0.647370681220364 0.891001306273299";"66.1012971700423 0.975858945776608";0,01666666667;3,5;31;18;"RAW    ";1,62890625;1,875;420
"./data/TuberColorSamples/A39/DSC_0017.NEF";"A39";"DSC_0017";2021-05-03 10:14:31;16;"NIKON D5600";6016;4016;0,749894209332456;3,5;0,01666666667;180;"1.62109375 1.8984375 1 1";"0.647370681220364 0.891001306273299";"66.1012971700423 0.975858945776608";0,01666666667;3,5;31;18;"RAW    ";1,62109375;1,8984375;450
"./data/TuberColorSamples/A39/DSC_0018.NEF";"A39";"DSC_0018";2021-05-03 10:15:01;17;"NIKON D5600";6016;4016;0,749894209332456;3,5;0,01666666667;180;"1.6875 1.76953125 1 1";"0.647370681220364 0.891001306273299";"66.1012971700423 0.975858945776608";0,01666666667;3,5;31;18;"RAW    ";1,6875;1,76953125;480
"./data/TuberColorSamples/A39/DSC_0019.NEF";"A39";"DSC_0019";2021-05-03 10:15:31;18;"NIKON D5600";6016;4016;0,749894209332456;3,5;0,01666666667;180;"1.625 1.8828125 1 1";"0.647370681220364 0.891001306273299";"66.1012971700423 0.975858945776608";0,01666666667;3,5;31;18;"RAW    ";1,625;1,8828125;510
"./data/TuberColorSamples/A39/DSC_0020.NEF";"A39";"DSC_0020";2021-05-03 10:16:01;19;"NIKON D5600";6016;4016;0,749894209332456;3,5;0,01666666667;180;"1.625 1.87890625 1 1";"0.647370681220364 0.891001306273299";"66.1012971700423 0.975858945776608";0,01666666667;3,5;31;18;"RAW    ";1,625;1,87890625;540
"./data/TuberColorSamples/A39/DSC_0021.NEF";"A39";"DSC_0021";2021-05-03 10:16:31;20;"NIKON D5600";6016;4016;0,749894209332456;3,5;0,01666666667;180;"1.65234375 1.8359375 1 1";"0.647370681220364 0.891001306273299";"66.1012971700423 0.975858945776608";0,01666666667;3,5;31;18;"RAW    ";1,65234375;1,8359375;570
"./data/TuberColorSamples/A39/DSC_0022.NEF";"A39";"DSC_0022";2021-05-03 10:17:01;21;"NIKON D5600";6016;4016;0,749894209332456;3,5;0,01666666667;180;"1.62109375 1.88671875 1 1";"0.647370681220364 0.891001306273299";"66.1012971700423 0.975858945776608";0,01666666667;3,5;31;18;"RAW    ";1,62109375;1,88671875;600
"./data/TuberColorSamples/A39/DSC_0023.NEF";"A39";"DSC_0023";2021-05-03 10:17:31;22;"NIKON D5600";6016;4016;0,749894209332456;3,5;0,01666666667;180;"1.62109375 1.88671875 1 1";"0.647370681220364 0.891001306273299";"66.1012971700423 0.975858945776608";0,01666666667;3,5;31;18;"RAW    ";1,62109375;1,88671875;630
"./data/TuberColorSamples/A39/DSC_0024.NEF";"A39";"DSC_0024";2021-05-03 10:18:01;23;"NIKON D5600";6016;4016;0,749894209332456;3,5;0,01666666667;180;"1.62109375 1.87109375 1 1";"0.647370681220364 0.891001306273299";"66.1012971700423 0.975858945776608";0,01666666667;3,5;31;18;"RAW    ";1,62109375;1,87109375;660
"./data/TuberColorSamples/A39/DSC_0025.NEF";"A39";"DSC_0025";2021-05-03 10:18:31;24;"NIKON D5600";6016;4016;0,749894209332456;3,5;0,01666666667;180;"1.62890625 1.86328125 1 1";"0.647370681220364 0.891001306273299";"66.1012971700423 0.975858945776608";0,01666666667;3,5;31;18;"RAW    ";1,62890625;1,86328125;690
"./data/TuberColorSamples/A39/DSC_0026.NEF";"A39";"DSC_0026";2021-05-03 10:19:01;25;"NIKON D5600";6016;4016;0,749894209332456;3,5;0,01666666667;180;"1.625 1.88671875 1 1";"0.647370681220364 0.891001306273299";"66.1012971700423 0.975858945776608";0,01666666667;3,5;31;18;"RAW    ";1,625;1,88671875;720
"./data/TuberColorSamples/A39/DSC_0027.NEF";"A39";"DSC_0027";2021-05-03 10:19:31;26;"NIKON D5600";6016;4016;0,668343917568615;3,5;0,01666666667;180;"1.625 1.87890625 1 1";"0.585894979797548 0.777798042676996";"65.9439600222343 0.86712522342482";0,01666666667;3,5;31;18;"RAW    ";1,625;1,87890625;750
"./data/TuberColorSamples/A39/DSC_0028.NEF";"A39";"DSC_0028";2021-05-03 10:20:01;27;"NIKON D5600";6016;4016;0,749894209332456;3,5;0,01666666667;180;"1.60546875 1.91015625 1 1";"0.647370681220364 0.891001306273299";"66.1012971700423 0.975858945776608";0,01666666667;3,5;31;18;"RAW    ";1,60546875;1,91015625;780
"./data/TuberColorSamples/A39/DSC_0029.NEF";"A39";"DSC_0029";2021-05-03 10:20:31;28;"NIKON D5600";6016;4016;0,749894209332456;3,5;0,01666666667;180;"1.625 1.89453125 1 1";"0.647370681220364 0.891001306273299";"66.1012971700423 0.975858945776608";0,01666666667;3,5;31;18;"RAW    ";1,625;1,89453125;810
"./data/TuberColorSamples/A39/DSC_0030.NEF";"A39";"DSC_0030";2021-05-03 10:21:01;29;"NIKON D5600";6016;4016;0,749894209332456;3,5;0,01666666667;180;"1.62109375 1.890625 1 1";"0.647370681220364 0.891001306273299";"66.1012971700423 0.975858945776608";0,01666666667;3,5;31;18;"RAW    ";1,62109375;1,890625;840
"./data/TuberColorSamples/A39/DSC_0031.NEF";"A39";"DSC_0031";2021-05-03 10:21:31;30;"NIKON D5600";6016;4016;0,668343917568615;3,5;0,01666666667;180;"1.62890625 1.87109375 1 1";"0.585894979797548 0.777798042676996";"65.9439600222343 0.86712522342482";0,01666666667;3,5;31;18;"RAW    ";1,62890625;1,87109375;870
"./data/TuberColorSamples/A74/DSC_0034.NEF";"A74";"DSC_0034";2021-05-17 10:39:17;1;"NIKON D5600";6016;4016;0,749894209332456;3,5;0,01666666667;200;"1.5 2.01171875 1 1";"0.647370681220364 0.891001306273299";"66.1012971700423 0.975858945776608";0,01666666667;3,5;31;18;"RAW    ";1,5;2,01171875;0
"./data/TuberColorSamples/A74/DSC_0035.NEF";"A74";"DSC_0035";2021-05-17 10:39:47;2;"NIKON D5600";6016;4016;0,749894209332456;3,5;0,01666666667;220;"1.48828125 2.02734375 1 1";"0.647370681220364 0.891001306273299";"66.1012971700423 0.975858945776608";0,01666666667;3,5;31;18;"RAW    ";1,48828125;2,02734375;30
"./data/TuberColorSamples/A74/DSC_0036.NEF";"A74";"DSC_0036";2021-05-17 10:40:17;3;"NIKON D5600";6016;4016;0,668343917568615;3,5;0,01666666667;220;"1.48828125 2.02734375 1 1";"0.585894979797548 0.777798042676996";"65.9439600222343 0.86712522342482";0,01666666667;3,5;31;18;"RAW    ";1,48828125;2,02734375;60
"./data/TuberColorSamples/A74/DSC_0037.NEF";"A74";"DSC_0037";2021-05-17 10:40:47;4;"NIKON D5600";6016;4016;0,668343917568615;3,5;0,01666666667;220;"1.4921875 2.015625 1 1";"0.585894979797548 0.777798042676996";"65.9439600222343 0.86712522342482";0,01666666667;3,5;31;18;"RAW    ";1,4921875;2,015625;90
"./data/TuberColorSamples/A74/DSC_0038.NEF";"A74";"DSC_0038";2021-05-17 10:41:17;5;"NIKON D5600";6016;4016;0,749894209332456;3,5;0,01666666667;220;"1.5078125 1.9921875 1 1";"0.647370681220364 0.891001306273299";"66.1012971700423 0.975858945776608";0,01666666667;3,5;31;18;"RAW    ";1,5078125;1,9921875;120
"./data/TuberColorSamples/A74/DSC_0039.NEF";"A74";"DSC_0039";2021-05-17 10:41:47;6;"NIKON D5600";6016;4016;0,668343917568615;3,5;0,01666666667;220;"1.4921875 2.015625 1 1";"0.585894979797548 0.777798042676996";"65.9439600222343 0.86712522342482";0,01666666667;3,5;31;18;"RAW    ";1,4921875;2,015625;150
"./data/TuberColorSamples/A74/DSC_0040.NEF";"A74";"DSC_0040";2021-05-17 10:42:17;7;"NIKON D5600";6016;4016;0,749894209332456;3,5;0,01666666667;220;"1.5 2.00390625 1 1";"0.647370681220364 0.891001306273299";"66.1012971700423 0.975858945776608";0,01666666667;3,5;31;18;"RAW    ";1,5;2,00390625;180
"./data/TuberColorSamples/A74/DSC_0041.NEF";"A74";"DSC_0041";2021-05-17 10:42:47;8;"NIKON D5600";6016;4016;0,668343917568615;3,5;0,01666666667;220;"1.48828125 2.046875 1 1";"0.585894979797548 0.777798042676996";"65.9439600222343 0.86712522342482";0,01666666667;3,5;31;18;"RAW    ";1,48828125;2,046875;210
"./data/TuberColorSamples/A74/DSC_0042.NEF";"A74";"DSC_0042";2021-05-17 10:43:17;9;"NIKON D5600";6016;4016;0,668343917568615;3,5;0,01666666667;220;"1.5078125 2.0078125 1 1";"0.585894979797548 0.777798042676996";"65.9439600222343 0.86712522342482";0,01666666667;3,5;31;18;"RAW    ";1,5078125;2,0078125;240
"./data/TuberColorSamples/A74/DSC_0043.NEF";"A74";"DSC_0043";2021-05-17 10:43:47;10;"NIKON D5600";6016;4016;0,668343917568615;3,5;0,01666666667;220;"1.5 2.02734375 1 1";"0.585894979797548 0.777798042676996";"65.9439600222343 0.86712522342482";0,01666666667;3,5;31;18;"RAW    ";1,5;2,02734375;270
"./data/TuberColorSamples/A74/DSC_0044.NEF";"A74";"DSC_0044";2021-05-17 10:44:17;11;"NIKON D5600";6016;4016;0,668343917568615;3,5;0,01666666667;200;"1.4921875 2.01953125 1 1";"0.585894979797548 0.777798042676996";"65.9439600222343 0.86712522342482";0,01666666667;3,5;31;18;"RAW    ";1,4921875;2,01953125;300
"./data/TuberColorSamples/A74/DSC_0045.NEF";"A74";"DSC_0045";2021-05-17 10:44:47;12;"NIKON D5600";6016;4016;0,749894209332456;3,5;0,01666666667;200;"1.51171875 2.00390625 1 1";"0.647370681220364 0.891001306273299";"66.1012971700423 0.975858945776608";0,01666666667;3,5;31;18;"RAW    ";1,51171875;2,00390625;330
"./data/TuberColorSamples/A74/DSC_0046.NEF";"A74";"DSC_0046";2021-05-17 10:45:17;13;"NIKON D5600";6016;4016;0,749894209332456;3,5;0,01666666667;220;"1.48828125 2.0390625 1 1";"0.647370681220364 0.891001306273299";"66.1012971700423 0.975858945776608";0,01666666667;3,5;31;18;"RAW    ";1,48828125;2,0390625;360
"./data/TuberColorSamples/A74/DSC_0047.NEF";"A74";"DSC_0047";2021-05-17 10:45:47;14;"NIKON D5600";6016;4016;0,668343917568615;3,5;0,01666666667;220;"1.4921875 2.01953125 1 1";"0.585894979797548 0.777798042676996";"65.9439600222343 0.86712522342482";0,01666666667;3,5;31;18;"RAW    ";1,4921875;2,01953125;390
"./data/TuberColorSamples/A74/DSC_0048.NEF";"A74";"DSC_0048";2021-05-17 10:46:17;15;"NIKON D5600";6016;4016;0,668343917568615;3,5;0,01666666667;220;"1.48828125 2.04296875 1 1";"0.585894979797548 0.777798042676996";"65.9439600222343 0.86712522342482";0,01666666667;3,5;31;18;"RAW    ";1,48828125;2,04296875;420
"./data/TuberColorSamples/A74/DSC_0049.NEF";"A74";"DSC_0049";2021-05-17 10:46:47;16;"NIKON D5600";6016;4016;0,668343917568615;3,5;0,01666666667;220;"1.48828125 2.0390625 1 1";"0.585894979797548 0.777798042676996";"65.9439600222343 0.86712522342482";0,01666666667;3,5;31;18;"RAW    ";1,48828125;2,0390625;450
"./data/TuberColorSamples/A74/DSC_0050.NEF";"A74";"DSC_0050";2021-05-17 10:47:17;17;"NIKON D5600";6016;4016;0,749894209332456;3,5;0,01666666667;220;"1.48046875 2.0390625 1 1";"0.647370681220364 0.891001306273299";"66.1012971700423 0.975858945776608";0,01666666667;3,5;31;18;"RAW    ";1,48046875;2,0390625;480
"./data/TuberColorSamples/A74/DSC_0051.NEF";"A74";"DSC_0051";2021-05-17 10:47:47;18;"NIKON D5600";6016;4016;0,668343917568615;3,5;0,01666666667;220;"1.48828125 2.03125 1 1";"0.585894979797548 0.777798042676996";"65.9439600222343 0.86712522342482";0,01666666667;3,5;31;18;"RAW    ";1,48828125;2,03125;510
"./data/TuberColorSamples/A74/DSC_0052.NEF";"A74";"DSC_0052";2021-05-17 10:48:17;19;"NIKON D5600";6016;4016;0,749894209332456;3,5;0,01666666667;220;"1.48828125 2.01953125 1 1";"0.647370681220364 0.891001306273299";"66.1012971700423 0.975858945776608";0,01666666667;3,5;31;18;"RAW    ";1,48828125;2,01953125;540
"./data/TuberColorSamples/A74/DSC_0053.NEF";"A74";"DSC_0053";2021-05-17 10:48:47;20;"NIKON D5600";6016;4016;0,749894209332456;3,5;0,01666666667;200;"1.4921875 2.015625 1 1";"0.647370681220364 0.891001306273299";"66.1012971700423 0.975858945776608";0,01666666667;3,5;31;18;"RAW    ";1,4921875;2,015625;570
"./data/TuberColorSamples/A74/DSC_0054.NEF";"A74";"DSC_0054";2021-05-17 10:49:17;21;"NIKON D5600";6016;4016;0,668343917568615;3,5;0,01666666667;220;"1.4921875 2.02734375 1 1";"0.585894979797548 0.777798042676996";"65.9439600222343 0.86712522342482";0,01666666667;3,5;31;18;"RAW    ";1,4921875;2,02734375;600
"./data/TuberColorSamples/A74/DSC_0055.NEF";"A74";"DSC_0055";2021-05-17 10:49:47;22;"NIKON D5600";6016;4016;0,668343917568615;3,5;0,01666666667;220;"1.48828125 2.0390625 1 1";"0.585894979797548 0.777798042676996";"65.9439600222343 0.86712522342482";0,01666666667;3,5;31;18;"RAW    ";1,48828125;2,0390625;630
"./data/TuberColorSamples/A74/DSC_0056.NEF";"A74";"DSC_0056";2021-05-17 10:50:17;23;"NIKON D5600";6016;4016;0,668343917568615;3,5;0,01666666667;220;"1.4921875 2.01953125 1 1";"0.585894979797548 0.777798042676996";"65.9439600222343 0.86712522342482";0,01666666667;3,5;31;18;"RAW    ";1,4921875;2,01953125;660
"./data/TuberColorSamples/A74/DSC_0057.NEF";"A74";"DSC_0057";2021-05-17 10:50:47;24;"NIKON D5600";6016;4016;0,668343917568615;3,5;0,01666666667;220;"1.48828125 2.0390625 1 1";"0.585894979797548 0.777798042676996";"65.9439600222343 0.86712522342482";0,01666666667;3,5;31;18;"RAW    ";1,48828125;2,0390625;690
"./data/TuberColorSamples/A74/DSC_0058.NEF";"A74";"DSC_0058";2021-05-17 10:51:17;25;"NIKON D5600";6016;4016;0,668343917568615;3,5;0,01666666667;220;"1.51171875 1.99609375 1 1";"0.585894979797548 0.777798042676996";"65.9439600222343 0.86712522342482";0,01666666667;3,5;31;18;"RAW    ";1,51171875;1,99609375;720
"./data/TuberColorSamples/A74/DSC_0059.NEF";"A74";"DSC_0059";2021-05-17 10:51:47;26;"NIKON D5600";6016;4016;0,749894209332456;3,5;0,01666666667;220;"1.48828125 2.0234375 1 1";"0.647370681220364 0.891001306273299";"66.1012971700423 0.975858945776608";0,01666666667;3,5;31;18;"RAW    ";1,48828125;2,0234375;750
"./data/TuberColorSamples/A74/DSC_0060.NEF";"A74";"DSC_0060";2021-05-17 10:52:17;27;"NIKON D5600";6016;4016;0,668343917568615;3,5;0,01666666667;220;"1.5 1.98046875 1 1";"0.585894979797548 0.777798042676996";"65.9439600222343 0.86712522342482";0,01666666667;3,5;31;18;"RAW    ";1,5;1,98046875;780
"./data/TuberColorSamples/A74/DSC_0061.NEF";"A74";"DSC_0061";2021-05-17 10:52:47;28;"NIKON D5600";6016;4016;0,749894209332456;3,5;0,01666666667;220;"1.4921875 2.015625 1 1";"0.647370681220364 0.891001306273299";"66.1012971700423 0.975858945776608";0,01666666667;3,5;31;18;"RAW    ";1,4921875;2,015625;810
"./data/TuberColorSamples/A74/DSC_0062.NEF";"A74";"DSC_0062";2021-05-17 10:53:17;29;"NIKON D5600";6016;4016;0,749894209332456;3,5;0,01666666667;220;"1.4921875 2.015625 1 1";"0.647370681220364 0.891001306273299";"66.1012971700423 0.975858945776608";0,01666666667;3,5;31;18;"RAW    ";1,4921875;2,015625;840
